{
  "division-by-zero-3-35-rotorized.btor2": {
    "Success": {
      "props": [
        {
          "kind": "Bad",
          "name": "core-0-division-by-zero",
          "node": 37027,
          "idx": 7
        }
      ],
      "steps": 77,
      "hyperfine": {
        "results": [
          {
            "command": "timeout --foreground 300s btormc ../.././examples/symbolic/division-by-zero-3-35-rotorized.btor2 -kmax 200",
            "mean": 0.17939294582000004,
            "stddev": 0.00193779091873241,
            "median": 0.17909193622000005,
            "user": 0.15826504,
            "system": 0.0206676,
            "min": 0.17737618322,
            "max": 0.18246414922,
            "times": [
              0.17909193622000005,
              0.18246414922,
              0.17977322322,
              0.17737618322,
              0.17825923722
            ],
            "exit_codes": [
              0,
              0,
              0,
              0,
              0
            ]
          }
        ]
      },
      "wc_raw": 273051,
      "wc_btormc_dump": 93238
    }
  },
  "invalid-memory-access-fail-2-35-rotorized.btor2": {
    "Success": {
      "props": [
        {
          "kind": "Bad",
          "name": "core-0-store-seg-fault",
          "node": 40041,
          "idx": 10
        }
      ],
      "steps": 80,
      "hyperfine": {
        "results": [
          {
            "command": "timeout --foreground 300s btormc ../.././examples/symbolic/invalid-memory-access-fail-2-35-rotorized.btor2 -kmax 200",
            "mean": 5.26229119916,
            "stddev": 0.07281967807125128,
            "median": 5.24494349296,
            "user": 5.09944448,
            "system": 0.16255937999999998,
            "min": 5.20253742296,
            "max": 5.37926992296,
            "times": [
              5.20253742296,
              5.37926992296,
              5.24494349296,
              5.20453560896,
              5.28016954796
            ],
            "exit_codes": [
              0,
              0,
              0,
              0,
              0
            ]
          }
        ]
      },
      "wc_raw": 272285,
      "wc_btormc_dump": 93199
    }
  }
}