{
  "division-by-zero-3-35-rotorized.btor2": {
    "Success": {
      "props": [
        {
          "kind": "Bad",
          "name": "core-0-division-by-zero",
          "node": 40027,
          "idx": 7
        }
      ],
      "steps": 77,
      "hyperfine": {
        "results": [
          {
            "command": "timeout --foreground 300s btormc ../.././examples/symbolic/division-by-zero-3-35-rotorized.btor2 -kmax 200",
            "mean": 0.18839324058,
            "stddev": 0.005235517136860673,
            "median": 0.18747406478,
            "user": 0.16329312,
            "system": 0.02483392,
            "min": 0.18256285778,
            "max": 0.19508178778,
            "times": [
              0.18747406478,
              0.18256285778,
              0.19230097378,
              0.18454651878,
              0.19508178778
            ],
            "exit_codes": [
              0,
              0,
              0,
              0,
              0
            ]
          }
        ]
      },
      "wc_raw": 418199,
      "wc_btormc_dump": 104486
    }
  },
  "invalid-memory-access-fail-2-35-rotorized.btor2": {
    "Success": {
      "props": [
        {
          "kind": "Bad",
          "name": "core-0-store-seg-fault",
          "node": 40241,
          "idx": 10
        }
      ],
      "steps": 80,
      "hyperfine": {
        "results": [
          {
            "command": "timeout --foreground 300s btormc ../.././examples/symbolic/invalid-memory-access-fail-2-35-rotorized.btor2 -kmax 200",
            "mean": 7.3330290839,
            "stddev": 0.08131902365805525,
            "median": 7.3586899271,
            "user": 7.157084,
            "system": 0.17450300000000002,
            "min": 7.1932534101000005,
            "max": 7.396212423100001,
            "times": [
              7.1932534101000005,
              7.396212423100001,
              7.380475205100001,
              7.3586899271,
              7.3365144541
            ],
            "exit_codes": [
              0,
              0,
              0,
              0,
              0
            ]
          }
        ]
      },
      "wc_raw": 411529,
      "wc_btormc_dump": 103792
    }
  }
}