{
  "recursive-ackermann-1-35-rotorized.btor2": {
    "Failed": {
      "output": "",
      "hyperfine": {
        "results": [
          {
            "command": "timeout --foreground 300s btormc ../selfie/examples/symbolic/recursive-ackermann-1-35-rotorized.btor2 -kmax 3000",
            "mean": 300.10685633931996,
            "stddev": 0.004510422358202734,
            "median": 300.10715850692,
            "user": 264.77214382,
            "system": 35.29133106,
            "min": 300.10082098092,
            "max": 300.11340075992,
            "times": [
              300.10552868992,
              300.11340075992,
              300.10737275892,
              300.10082098092,
              300.10715850692
            ],
            "exit_codes": [
              124,
              124,
              124,
              124,
              124
            ]
          }
        ]
      },
      "wc_raw": 704302,
      "wc_btormc_dump": 217972
    }
  },
  "simple-increasing-loop-1-35-rotorized.btor2": {
    "Failed": {
      "output": "",
      "hyperfine": {
        "results": [
          {
            "command": "timeout --foreground 300s btormc ../selfie/examples/symbolic/simple-increasing-loop-1-35-rotorized.btor2 -kmax 3000",
            "mean": 300.18539271230003,
            "stddev": 0.019373971510338955,
            "median": 300.17643758130004,
            "user": 262.58894657999997,
            "system": 37.54552762,
            "min": 300.16488064230003,
            "max": 300.2135541603,
            "times": [
              300.1962078733,
              300.2135541603,
              300.17588330430004,
              300.16488064230003,
              300.17643758130004
            ],
            "exit_codes": [
              124,
              124,
              124,
              124,
              124
            ]
          }
        ]
      },
      "wc_raw": 688364,
      "wc_btormc_dump": 214606
    }
  },
  "recursive-factorial-fail-1-35-rotorized.btor2": {
    "Failed": {
      "output": "",
      "hyperfine": {
        "results": [
          {
            "command": "timeout --foreground 300s btormc ../selfie/examples/symbolic/recursive-factorial-fail-1-35-rotorized.btor2 -kmax 3000",
            "mean": 300.1271212681,
            "stddev": 0.003144636763618668,
            "median": 300.1253112953,
            "user": 276.14444014000003,
            "system": 23.91359806,
            "min": 300.1246904223,
            "max": 300.1317306993,
            "times": [
              300.1246904223,
              300.1253112953,
              300.1317306993,
              300.1290647723,
              300.1248091513
            ],
            "exit_codes": [
              124,
              124,
              124,
              124,
              124
            ]
          }
        ]
      },
      "wc_raw": 691009,
      "wc_btormc_dump": 215265
    }
  },
  "return-from-loop-1-35-rotorized.btor2": {
    "Success": {
      "props": [
        {
          "kind": "Bad",
          "name": "core-0-bad-exit-code",
          "node": 300033,
          "idx": 6
        }
      ],
      "steps": 822,
      "hyperfine": {
        "results": [
          {
            "command": "timeout --foreground 300s btormc ../selfie/examples/symbolic/return-from-loop-1-35-rotorized.btor2 -kmax 3000",
            "mean": 1.94189632608,
            "stddev": 0.024227659921682698,
            "median": 1.93538475648,
            "user": 1.80823618,
            "system": 0.13347476,
            "min": 1.92022759448,
            "max": 1.97810655348,
            "times": [
              1.92022759448,
              1.93538475648,
              1.92218800248,
              1.97810655348,
              1.95357472348
            ],
            "exit_codes": [
              0,
              0,
              0,
              0,
              0
            ]
          }
        ]
      },
      "wc_raw": 686538,
      "wc_btormc_dump": 214032
    }
  },
  "recursive-fibonacci-1-10-rotorized.btor2": {
    "Failed": {
      "output": "",
      "hyperfine": {
        "results": [
          {
            "command": "timeout --foreground 300s btormc ../selfie/examples/symbolic/recursive-fibonacci-1-10-rotorized.btor2 -kmax 3000",
            "mean": 300.12948250444003,
            "stddev": 0.023453331898069623,
            "median": 300.12784180844,
            "user": 264.4931941,
            "system": 35.54227536,
            "min": 300.09514265644,
            "max": 300.15858564544,
            "times": [
              300.15858564544,
              300.12784180844,
              300.12432830444,
              300.14151410744,
              300.09514265644
            ],
            "exit_codes": [
              124,
              124,
              124,
              124,
              124
            ]
          }
        ]
      },
      "wc_raw": 737974,
      "wc_btormc_dump": 227199
    }
  },
  "nested-if-else-1-35-rotorized.btor2": {
    "Failed": {
      "output": "",
      "hyperfine": {
        "results": [
          {
            "command": "timeout --foreground 300s btormc ../selfie/examples/symbolic/nested-if-else-1-35-rotorized.btor2 -kmax 3000",
            "mean": 300.1014335232,
            "stddev": 0.010848914413371564,
            "median": 300.095103946,
            "user": 258.51666356,
            "system": 41.51485366,
            "min": 300.094794987,
            "max": 300.119915494,
            "times": [
              300.102541663,
              300.094794987,
              300.094811526,
              300.095103946,
              300.119915494
            ],
            "exit_codes": [
              124,
              124,
              124,
              124,
              124
            ]
          }
        ]
      },
      "wc_raw": 687568,
      "wc_btormc_dump": 214262
    }
  },
  "simple-if-else-1-35-rotorized.btor2": {
    "Success": {
      "props": [
        {
          "kind": "Bad",
          "name": "core-0-bad-exit-code",
          "node": 300033,
          "idx": 6
        }
      ],
      "steps": 824,
      "hyperfine": {
        "results": [
          {
            "command": "timeout --foreground 300s btormc ../selfie/examples/symbolic/simple-if-else-1-35-rotorized.btor2 -kmax 3000",
            "mean": 1.94867666284,
            "stddev": 0.01799838367533678,
            "median": 1.94569643224,
            "user": 1.80688724,
            "system": 0.14069526000000002,
            "min": 1.92700589324,
            "max": 1.97375572824,
            "times": [
              1.97375572824,
              1.94569643224,
              1.92700589324,
              1.93876180324,
              1.95816345724
            ],
            "exit_codes": [
              0,
              0,
              0,
              0,
              0
            ]
          }
        ]
      },
      "wc_raw": 686809,
      "wc_btormc_dump": 214237
    }
  },
  "invalid-memory-access-fail-2-35-rotorized.btor2": {
    "Success": {
      "props": [
        {
          "kind": "Bad",
          "name": "core-0-store-seg-fault",
          "node": 300241,
          "idx": 10
        }
      ],
      "steps": 719,
      "hyperfine": {
        "results": [
          {
            "command": "timeout --foreground 300s btormc ../selfie/examples/symbolic/invalid-memory-access-fail-2-35-rotorized.btor2 -kmax 3000",
            "mean": 5.19690040852,
            "stddev": 0.06239407410991705,
            "median": 5.20562438252,
            "user": 4.95980394,
            "system": 0.23668221999999997,
            "min": 5.09954826652,
            "max": 5.2596603795200005,
            "times": [
              5.180295220520001,
              5.20562438252,
              5.23937379352,
              5.2596603795200005,
              5.09954826652
            ],