{
  "nested-if-else-reverse-1-35-rotorized.btor2": {
    "Failed": {
      "output": "",
      "hyperfine": {
        "results": [
          {
            "command": "timeout --foreground 300s btormc ../selfie/examples/symbolic/nested-if-else-reverse-1-35-rotorized.btor2 -kmax 3000",
            "mean": 300.07538127642,
            "stddev": 0.0017664843213528224,
            "median": 300.07485303862,
            "user": 277.25816342,
            "system": 22.7551477,
            "min": 300.07355051362,
            "max": 300.07811293062,
            "times": [
              300.07438261662,
              300.07485303862,
              300.07355051362,
              300.07811293062,
              300.07600728262
            ],
            "exit_codes": [
              124,
              124,
              124,
              124,
              124
            ]
          }
        ]
      },
      "wc_raw": 2082048,
      "wc_btormc_dump": 373144
    }
  },
  "return-from-loop-1-35-rotorized.btor2": {
    "Success": {
      "props": [
        {
          "kind": "Bad",
          "name": "core-0-bad-exit-code",
          "node": 300093,
          "idx": 6
        }
      ],
      "steps": 822,
      "hyperfine": {
        "results": [
          {
            "command": "timeout --foreground 300s btormc ../selfie/examples/symbolic/return-from-loop-1-35-rotorized.btor2 -kmax 3000",
            "mean": 2.0528244551399997,
            "stddev": 0.017877485021444706,
            "median": 2.05992842354,
            "user": 1.9070696,
            "system": 0.14548346,
            "min": 2.02427891154,
            "max": 2.07125450754,
            "times": [
              2.07125450754,
              2.05992842354,
              2.04846071954,
              2.0601997135400003,
              2.02427891154
            ],
            "exit_codes": [
              0,
              0,
              0,
              0,
              0
            ]
          }
        ]
      },
      "wc_raw": 2076896,
      "wc_btormc_dump": 372477
    }
  },
  "simple-increasing-loop-1-35-rotorized.btor2": {
    "Failed": {
      "output": "",
      "hyperfine": {
        "results": [
          {
            "command": "timeout --foreground 300s btormc ../selfie/examples/symbolic/simple-increasing-loop-1-35-rotorized.btor2 -kmax 3000",
            "mean": 300.08981492314,
            "stddev": 0.005737587321098656,
            "median": 300.09172882114,
            "user": 275.3856068399999,
            "system": 24.63199212,
            "min": 300.07989266914,
            "max": 300.09456391114,
            "times": [
              300.07989266914,
              300.09052241514,
              300.09172882114,
              300.09236679914005,
              300.09456391114
            ],
            "exit_codes": [
              124,
              124,
              124,
              124,
              124
            ]
          }
        ]
      },
      "wc_raw": 2084494,
      "wc_btormc_dump": 373422
    }
  },
  "two-level-nested-loop-1-35-rotorized.btor2": {
    "Failed": {
      "output": "",
      "hyperfine": {
        "results": [
          {
            "command": "timeout --foreground 300s btormc ../selfie/examples/symbolic/two-level-nested-loop-1-35-rotorized.btor2 -kmax 3000",
            "mean": 300.09337195840004,
            "stddev": 0.0062522843275349405,
            "median": 300.0914970624,
            "user": 276.50567285999995,
            "system": 23.54007624,
            "min": 300.0893435944,
            "max": 300.1044270544,
            "times": [
              300.1044270544,
              300.0914970624,
              300.0915495094,
              300.0893435944,
              300.09004257140003
            ],
            "exit_codes": [
              124,
              124,
              124,
              124,
              124
            ]
          }
        ]
      },
      "wc_raw": 2091846,
      "wc_btormc_dump": 374243
    }
  },
  "recursive-ackermann-1-35-rotorized.btor2": {
    "Failed": {
      "output": "",
      "hyperfine": {
        "results": [
          {
            "command": "timeout --foreground 300s btormc ../selfie/examples/symbolic/recursive-ackermann-1-35-rotorized.btor2 -kmax 3000",
            "mean": 300.07947558198,
            "stddev": 0.0012880964179893342,
            "median": 300.07913592678,
            "user": 285.59466528,
            "system": 14.378787159999998,
            "min": 300.07824436378,
            "max": 300.08143894678,
            "times": [
              300.07854664278,
              300.08143894678,
              300.07913592678,
              300.07824436378,
              300.08001202978
            ],
            "exit_codes": [
              124,
              124,
              124,
              124,
              124
            ]
          }
        ]
      },
      "wc_raw": 2160076,
      "wc_btormc_dump": 381739
    }
  },
  "invalid-memory-access-fail-2-35-rotorized.btor2": {
    "Success": {
      "props": [
        {
          "kind": "Bad",
          "name": "core-0-store-seg-fault",
          "node": 300441,
          "idx": 10
        }
      ],
      "steps": 719,
      "hyperfine": {
        "results": [
          {
            "command": "timeout --foreground 300s btormc ../selfie/examples/symbolic/invalid-memory-access-fail-2-35-rotorized.btor2 -kmax 3000",
            "mean": 66.09400504052,
            "stddev": 1.0230238939902565,
            "median": 66.01378723392,
            "user": 64.31639224,
            "system": 1.76629674,
            "min": 64.95468224192,
            "max": 67.30171676392,
            "times": [
              66.94347820692,
              64.95468224192,
              67.30171676392,
              66.01378723392,
              65.25636075592
            ],
            "exit_codes": [
              0,
              0,
              0,
              0,
              0
            ]
          }
        ]
      },
      "wc_raw": 2083294,
      "wc_btormc_dump": 373273
    }
  },
  "simple-assignment-1-35-rotorized.btor2": {
    "Success": {
      "props": [
        {
          "kind": "Bad",
          "name": "core-0-bad-exit-code",
          "node": 300093,
          "idx": 6
        }
      ],
      "steps": 824,
      "hyperfine": {
        "results": [
          {
            "command": "timeout --foreground 300s btormc ../selfie/examples/symbolic/simple-assignment-1-35-rotorized.btor2 -kmax 3000",
            "mean": 2.0723817168200003,
            "stddev": 0.019903954253342473,
            "median": 2.06966531802,
            "user": 1.91930634,
            "system": 0.14911818000000002,
            "min": 2.0449662720200004,
            "max": 2.0997413060200003,
            "times": [
              2.0997413060200003,
              2.07982153402,
              2.06966531802,
              2.0449662720200004,
              2.0677141540200004
            ],
            "exit_codes": [
              0,
              0,
              0,
              0,
              0
            ]
          }
        ]
      },
      "wc_raw": 2078147,
      "wc_btormc_dump": 372615
    }
  },
  "division-by-zero-3-35-rotorized.btor2": {
    "Success": {
      "props": [
        {
          "kind": "Bad",
          "name": "core-0-known-instructions",
          "node": 300045,
          "idx": 2
        }
      ],
      "steps": 716,
      "hyperfine": {
        "results": [
          {
            "command": "timeout --foreground 300s btormc ../selfie/examples/symbolic/division-by-zero-3-35-rotorized.btor2 -kmax 3000",
            "mean": 43.73762258238,
            "stddev": 1.5125896642588947,
            "median": 43.44312577678,
            "user": 42.07686154,
            "system": 1.65589568,
            "min": 42.69496769878,
            "max": 46.36451721478,