{
  "simple-decreasing-loop-1-35-rotorized.btor2": {
    "Failed": {
      "output": "",
      "hyperfine": {
        "results": [
          {
            "command": "timeout --foreground 300s btormc ../selfie/examples/symbolic/simple-decreasing-loop-1-35-rotorized.btor2 -kmax 3000",
            "mean": 300.1273385189601,
            "stddev": 0.01147783249050531,
            "median": 300.12506693776004,
            "user": 267.71148692,
            "system": 32.35680238,
            "min": 300.11767412276004,
            "max": 300.14645038176,
            "times": [
              300.11942669176,
              300.12506693776004,
              300.11767412276004,
              300.14645038176,
              300.12807446076005
            ],
            "exit_codes": [
              124,
              124,
              124,
              124,
              124
            ]
          }
        ]
      },
      "wc_raw": 8865849,
      "wc_btormc_dump": 261003
    }
  },
  "simple-if-else-1-35-rotorized.btor2": {
    "Success": {
      "props": [
        {
          "kind": "Bad",
          "name": "core-0-bad-exit-code",
          "node": 400033,
          "idx": 6
        }
      ],
      "steps": 824,
      "hyperfine": {
        "results": [
          {
            "command": "timeout --foreground 300s btormc ../selfie/examples/symbolic/simple-if-else-1-35-rotorized.btor2 -kmax 3000",
            "mean": 3.06078406044,
            "stddev": 0.011171707665218364,
            "median": 3.06696623244,
            "user": 2.90360462,
            "system": 0.1565833,
            "min": 3.04494712244,
            "max": 3.07069711644,
            "times": [
              3.04494712244,
              3.06813483244,
              3.05317499844,
              3.07069711644,
              3.06696623244
            ],
            "exit_codes": [
              0,
              0,
              0,
              0,
              0
            ]
          }
        ]
      },
      "wc_raw": 5365224,
      "wc_btormc_dump": 378356
    }
  },
  "simple-increasing-loop-1-35-rotorized.btor2": {
    "Failed": {
      "output": "",
      "hyperfine": {
        "results": [
          {
            "command": "timeout --foreground 300s btormc ../selfie/examples/symbolic/simple-increasing-loop-1-35-rotorized.btor2 -kmax 3000",
            "mean": 300.09189520738,
            "stddev": 0.0031066467321147683,
            "median": 300.09271281358,
            "user": 268.38763018,
            "system": 31.66359814,
            "min": 300.08752679358,
            "max": 300.09567178858003,
            "times": [
              300.09567178858003,
              300.09027145258,
              300.08752679358,
              300.09271281358,
              300.09329318858
            ],
            "exit_codes": [
              124,
              124,
              124,
              124,
              124
            ]
          }
        ]
      },
      "wc_raw": 8871718,
      "wc_btormc_dump": 261095
    }
  },
  "three-level-nested-loop-fail-1-35-rotorized.btor2": {
    "Failed": {
      "output": "",
      "hyperfine": {
        "results": [
          {
            "command": "timeout --foreground 300s btormc ../selfie/examples/symbolic/three-level-nested-loop-fail-1-35-rotorized.btor2 -kmax 3000",
            "mean": 300.14003199708003,
            "stddev": 0.012935851709243166,
            "median": 300.14502708328,
            "user": 273.64832068,
            "system": 26.4356845,
            "min": 300.11739736128004,
            "max": 300.14979761528,
            "times": [
              300.14502708328,
              300.14979761528,
              300.14228066228003,
              300.14565726328004,
              300.11739736128004
            ],
            "exit_codes": [
              124,
              124,
              124,
              124,
              124
            ]
          }
        ]
      },
      "wc_raw": 8942696,
      "wc_btormc_dump": 262299
    }
  },
  "return-from-loop-1-35-rotorized.btor2": {
    "Success": {
      "props": [
        {
          "kind": "Bad",
          "name": "core-0-bad-exit-code",
          "node": 400033,
          "idx": 6
        }
      ],
      "steps": 822,
      "hyperfine": {
        "results": [
          {
            "command": "timeout --foreground 300s btormc ../selfie/examples/symbolic/return-from-loop-1-35-rotorized.btor2 -kmax 3000",
            "mean": 3.0990333870399995,
            "stddev": 0.03434655191784165,
            "median": 3.09613172744,
            "user": 2.92573774,
            "system": 0.16861417999999995,
            "min": 3.06021381744,
            "max": 3.15060548844,
            "times": [
              3.06021381744,
              3.0783732374399997,
              3.10984266444,
              3.09613172744,
              3.15060548844
            ],
            "exit_codes": [
              0,
              0,
              0,
              0,
              0
            ]
          }
        ]
      },
      "wc_raw": 5363929,
      "wc_btormc_dump": 377652
    }
  },
  "division-by-zero-3-35-rotorized.btor2": {
    "Success": {
      "props": [
        {
          "kind": "Bad",
          "name": "core-0-known-instructions",
          "node": 380005,
          "idx": 2
        }
      ],
      "steps": 716,
      "hyperfine": {
        "results": [
          {
            "command": "timeout --foreground 300s btormc ../selfie/examples/symbolic/division-by-zero-3-35-rotorized.btor2 -kmax 3000",
            "mean": 2.9666031245399997,
            "stddev": 0.047421348713750595,
            "median": 2.98742198314,
            "user": 2.81870394,
            "system": 0.14676258,
            "min": 2.88476960214,
            "max": 2.99970843214,
            "times": [
              2.96678174514,
              2.98742198314,
              2.99970843214,
              2.88476960214,
              2.99433386014
            ],
            "exit_codes": [
              0,
              0,
              0,
              0,
              0
            ]
          }
        ]
      },
      "wc_raw": 5367806,
      "wc_btormc_dump": 378795
    }
  },
  "nested-if-else-1-35-rotorized.btor2": {
    "Failed": {
      "output": "",
      "hyperfine": {
        "results": [
          {
            "command": "timeout --foreground 300s btormc ../selfie/examples/symbolic/nested-if-else-1-35-rotorized.btor2 -kmax 3000",
            "mean": 300.15441573216003,
            "stddev": 0.007313338506802488,
            "median": 300.15800197816003,
            "user": 268.66647875999996,
            "system": 31.345597320000003,
            "min": 300.14494898316,
            "max": 300.16231002316,
            "times": [
              300.14494898316,
              300.16231002316,
              300.15826227416,
              300.14855540216,
              300.15800197816003
            ],
            "exit_codes": [
              124,
              124,
              124,
              124,
              124
            ]
          }
        ]
      },
      "wc_raw": 5369055,
      "wc_btormc_dump": 378343
    }
  },
  "simple-if-else-reverse-1-35-rotorized.btor2": {
    "Success": {
      "props": [
        {
          "kind": "Bad",
          "name": "core-0-bad-exit-code",
          "node": 400033,
          "idx": 6
        }
      ],
      "steps": 824,
      "hyperfine": {
        "results": [
          {
            "command": "timeout --foreground 300s btormc ../selfie/examples/symbolic/simple-if-else-reverse-1-35-rotorized.btor2 -kmax 3000",
            "mean": 2.9746434990599995,
            "stddev": 0.12698812401799392,
            "median": 3.0402480068599997,
            "user": 2.8149745600000005,
            "system": 0.15917969999999998,
            "min": 2.8372885218599997,
            "max": 3.10299699186,