{
  "recursive-ackermann-1-35-rotorized.btor2": {
    "Failed": {
      "output": "",
      "hyperfine": {
        "results": [
          {
            "command": "timeout --foreground 300s btormc ../selfie/examples/symbolic/recursive-ackermann-1-35-rotorized.btor2 -kmax 3000",
            "mean": 300.10685633931996,
            "stddev": 0.004510422358202734,
            "median": 300.10715850692,
            "user": 264.77214382,
            "system": 35.29133106,
            "min": 300.10082098092,
            "max": 300.11340075992,
            "times": [
              300.10552868992,
              300.11340075992,
              300.10737275892,
              300.10082098092,
              300.10715850692
            ],
            "exit_codes": [
              124,
              124,
              124,
              124,
              124
            ]
          }
        ]
      },
      "wc_raw": 704302,
      "wc_btormc_dump": 217972
    }
  },
  "simple-increasing-loop-1-35-rotorized.btor2": {
    "Failed": {
      "output": "",
      "hyperfine": {
        "results": [
          {
            "command": "timeout --foreground 300s btormc ../selfie/examples/symbolic/simple-increasing-loop-1-35-rotorized.btor2 -kmax 3000",
            "mean": 300.18539271230003,
            "stddev": 0.019373971510338955,
            "median": 300.17643758130004,
            "user": 262.58894657999997,
            "system": 37.54552762,
            "min": 300.16488064230003,
            "max": 300.2135541603,
            "times": [
              300.1962078733,
              300.2135541603,
              300.17588330430004,
              300.16488064230003,
              300.17643758130004
            ],
            "exit_codes": [
              124,
              124,
              124,
              124,
              124
            ]
          }
        ]
      },
      "wc_raw": 688364,
      "wc_btormc_dump": 214606
    }
  },
  "recursive-factorial-fail-1-35-rotorized.btor2": {
    "Failed": {
      "output": "",
      "hyperfine": {
        "results": [
          {
            "command": "timeout --foreground 300s btormc ../selfie/examples/symbolic/recursive-factorial-fail-1-35-rotorized.btor2 -kmax 3000",
            "mean": 300.1271212681,
            "stddev": 0.003144636763618668,
            "median": 300.1253112953,
            "user": 276.14444014000003,
            "system": 23.91359806,
            "min": 300.1246904223,
            "max": 300.1317306993,
            "times": [
              300.1246904223,
              300.1253112953,
              300.1317306993,
              300.1290647723,
              300.1248091513
            ],
            "exit_codes": [
              124,
              124,
              124,
              124,
              124
            ]
          }
        ]
      },
      "wc_raw": 691009,
      "wc_btormc_dump": 215265
    }
  },
  "simple-if-else-1-35-rotorized.btor2": {
    "Success": {
      "props": [
        {
          "kind": "Bad",
          "name": "core-0-bad-exit-code",
          "node": 330003,
          "idx": 6
        }
      ],
      "steps": 824,
      "hyperfine": {
        "results": [
          {
            "command": "timeout --foreground 300s btormc ../selfie/examples/symbolic/simple-if-else-1-35-rotorized.btor2 -kmax 3000",
            "mean": 2.41031189822,
            "stddev": 0.018498971558904977,
            "median": 2.41680700702,
            "user": 2.23641272,
            "system": 0.17354569999999997,
            "min": 2.37872264602,
            "max": 2.42563103802,
            "times": [
              2.37872264602,
              2.41038644302,
              2.41680700702,
              2.42563103802,
              2.42001235702
            ],
            "exit_codes": [
              0,
              0,
              0,
              0,
              0
            ]
          }
        ]
      },
      "wc_raw": 4234183,
      "wc_btormc_dump": 344565
    }
  },
  "simple-if-without-else-1-35-rotorized.btor2": {
    "Success": {
      "props": [
        {
          "kind": "Bad",
          "name": "core-0-bad-exit-code",
          "node": 330003,
          "idx": 6
        }
      ],
      "steps": 824,
      "hyperfine": {
        "results": [
          {
            "command": "timeout --foreground 300s btormc ../selfie/examples/symbolic/simple-if-without-else-1-35-rotorized.btor2 -kmax 3000",
            "mean": 2.42101935972,
            "stddev": 0.03878586129011607,
            "median": 2.4051817629200003,
            "user": 2.26018368,
            "system": 0.16044886000000003,
            "min": 2.3844977109200003,
            "max": 2.48358659692,
            "times": [
              2.4006518269200003,
              2.48358659692,
              2.43117890092,
              2.4051817629200003,
              2.3844977109200003
            ],
            "exit_codes": [
              0,
              0,
              0,
              0,
              0
            ]
          }
        ]
      },
      "wc_raw": 4241957,
      "wc_btormc_dump": 344690
    }
  },
  "two-level-nested-loop-1-35-rotorized.btor2": {
    "Failed": {
      "output": "",
      "hyperfine": {
        "results": [
          {
            "command": "timeout --foreground 300s btormc ../selfie/examples/symbolic/two-level-nested-loop-1-35-rotorized.btor2 -kmax 3000",
            "mean": 300.11860937838003,
            "stddev": 0.002062038921138676,
            "median": 300.11760458798,
            "user": 269.33537174,
            "system": 30.74810634,
            "min": 300.11640541598,
            "max": 300.12095684898,
            "times": [
              300.11640541598,
              300.11760458798,
              300.12095684898,
              300.12066166098,
              300.11741837798
            ],
            "exit_codes": [
              124,
              124,
              124,
              124,
              124
            ]
          }
        ]
      },
      "wc_raw": 689944,
      "wc_btormc_dump": 215120
    }
  },
  "simple-assignment-1-35-rotorized.btor2": {
    "Success": {
      "props": [
        {
          "kind": "Bad",
          "name": "core-0-bad-exit-code",
          "node": 330003,
          "idx": 6
        }
      ],
      "steps": 824,
      "hyperfine": {
        "results": [
          {
            "command": "timeout --foreground 300s btormc ../selfie/examples/symbolic/simple-assignment-1-35-rotorized.btor2 -kmax 3000",
            "mean": 2.3615850589000003,
            "stddev": 0.01749889847796108,
            "median": 2.3670583799,
            "user": 2.18775926,
            "system": 0.1734589,
            "min": 2.3374070989,
            "max": 2.3784390499,
            "times": [
              2.3752490119000003,
              2.3670583799,
              2.3374070989,
              2.3497717539000003,
              2.3784390499
            ],
            "exit_codes": [
              0,
              0,
              0,
              0,
              0
            ]
          }
        ]
      },
      "wc_raw": 4234201,
      "wc_btormc_dump": 344594
    }
  },
  "three-level-nested-loop-fail-1-35-rotorized.btor2": {
    "Failed": {
      "output": "",
      "hyperfine": {
        "results": [
          {
            "command": "timeout --foreground 300s btormc ../selfie/examples/symbolic/three-level-nested-loop-fail-1-35-rotorized.btor2 -kmax 3000",
            "mean": 300.14654956172,
            "stddev": 0.013674654891903788,
            "median": 300.14151459372,
            "user": 276.57357607999995,
            "system": 23.536662639999996,
            "min": 300.13674456472,
            "max": 300.17056516172,
            "times": [
              300.14391759372,
              300.14000589472,
              300.14151459372,
              300.13674456472,
              300.17056516172
            ],