{
  "nested-if-else-reverse-1-35-rotorized.btor2": {
    "Failed": {
      "output": "",
      "hyperfine": {
        "results": [
          {
            "command": "timeout --foreground 300s btormc ../selfie/examples/symbolic/nested-if-else-reverse-1-35-rotorized.btor2 -kmax 3000",
            "mean": 300.07538127642,
            "stddev": 0.0017664843213528224,
            "median": 300.07485303862,
            "user": 277.25816342,
            "system": 22.7551477,
            "min": 300.07355051362,
            "max": 300.07811293062,
            "times": [
              300.07438261662,
              300.07485303862,
              300.07355051362,
              300.07811293062,
              300.07600728262
            ],
            "exit_codes": [
              124,
              124,
              124,
              124,
              124
            ]
          }
        ]
      },
      "wc_raw": 2082048,
      "wc_btormc_dump": 373144
    }
  },
  "simple-if-else-reverse-1-35-rotorized.btor2": {
    "Success": {
      "props": [
        {
          "kind": "Bad",
          "name": "core-0-bad-exit-code",
          "node": 300903,
          "idx": 6
        }
      ],
      "steps": 824,
      "hyperfine": {
        "results": [
          {
            "command": "timeout --foreground 300s btormc ../selfie/examples/symbolic/simple-if-else-reverse-1-35-rotorized.btor2 -kmax 3000",
            "mean": 2.8383497346800004,
            "stddev": 0.04052506805162581,
            "median": 2.8415404790800003,
            "user": 2.6710403399999993,
            "system": 0.16512107999999998,
            "min": 2.79109866808,
            "max": 2.89781696608,
            "times": [
              2.79109866808,
              2.8123263130800003,
              2.84896624708,
              2.89781696608,
              2.8415404790800003
            ],
            "exit_codes": [
              0,
              0,
              0,
              0,
              0
            ]
          }
        ]
      },
      "wc_raw": 2685139,
      "wc_btormc_dump": 404216
    }
  },
  "recursive-fibonacci-1-10-rotorized.btor2": {
    "Failed": {
      "output": "",
      "hyperfine": {
        "results": [
          {
            "command": "timeout --foreground 300s btormc ../selfie/examples/symbolic/recursive-fibonacci-1-10-rotorized.btor2 -kmax 3000",
            "mean": 300.08495724471993,
            "stddev": 0.001127727857728796,
            "median": 300.08455800672,
            "user": 288.2670160199999,
            "system": 11.78629512,
            "min": 300.08403152472,
            "max": 300.08690107672,
            "times": [
              300.08442336772,
              300.08455800672,
              300.08403152472,
              300.08487224772,
              300.08690107672
            ],
            "exit_codes": [
              124,
              124,
              124,
              124,
              124
            ]
          }
        ]
      },
      "wc_raw": 2317846,
      "wc_btormc_dump": 399161
    }
  },
  "simple-if-without-else-1-35-rotorized.btor2": {
    "Success": {
      "props": [
        {
          "kind": "Bad",
          "name": "core-0-bad-exit-code",
          "node": 300903,
          "idx": 6
        }
      ],
      "steps": 824,
      "hyperfine": {
        "results": [
          {
            "command": "timeout --foreground 300s btormc ../selfie/examples/symbolic/simple-if-without-else-1-35-rotorized.btor2 -kmax 3000",
            "mean": 2.63668033106,
            "stddev": 0.02549883930658442,
            "median": 2.63516035506,
            "user": 2.4936952999999997,
            "system": 0.14278478,
            "min": 2.59677058506,
            "max": 2.66144225206,
            "times": [
              2.66144225206,
              2.65627488306,
              2.63516035506,
              2.63375358006,
              2.59677058506
            ],
            "exit_codes": [
              0,
              0,
              0,
              0,
              0
            ]
          }
        ]
      },
      "wc_raw": 2685139,
      "wc_btormc_dump": 404195
    }
  },
  "recursive-factorial-fail-1-35-rotorized.btor2": {
    "Failed": {
      "output": "",
      "hyperfine": {
        "results": [
          {
            "command": "timeout --foreground 300s btormc ../selfie/examples/symbolic/recursive-factorial-fail-1-35-rotorized.btor2 -kmax 3000",
            "mean": 300.08764517860004,
            "stddev": 0.005568562976191292,
            "median": 300.09129531860003,
            "user": 283.40523348,
            "system": 16.6240617,
            "min": 300.0810252296,
            "max": 300.0921725886,
            "times": [
              300.0810252296,
              300.0821135986,
              300.0916191576,
              300.09129531860003,
              300.0921725886
            ],
            "exit_codes": [
              124,
              124,
              124,
              124,
              124
            ]
          }
        ]
      },
      "wc_raw": 2096759,
      "wc_btormc_dump": 374771
    }
  },
  "three-level-nested-loop-fail-1-35-rotorized.btor2": {
    "Failed": {
      "output": "",
      "hyperfine": {
        "results": [
          {
            "command": "timeout --foreground 300s btormc ../selfie/examples/symbolic/three-level-nested-loop-fail-1-35-rotorized.btor2 -kmax 3000",
            "mean": 300.11819206288,
            "stddev": 0.004159283947859637,
            "median": 300.11933189668,
            "user": 279.5842173,
            "system": 20.456924800000003,
            "min": 300.11198467268,
            "max": 300.12333402568,
            "times": [
              300.11933189668,
              300.11694549867997,
              300.12333402568,
              300.11936422068,
              300.11198467268
            ],
            "exit_codes": [
              124,
              124,
              124,
              124,
              124
            ]
          }
        ]
      },
      "wc_raw": 2099432,
      "wc_btormc_dump": 375104
    }
  },
  "division-by-zero-3-35-rotorized.btor2": {
    "Success": {
      "props": [
        {
          "kind": "Bad",
          "name": "core-0-known-instructions",
          "node": 300505,
          "idx": 2
        }
      ],
      "steps": 716,
      "hyperfine": {
        "results": [
          {
            "command": "timeout --foreground 300s btormc ../selfie/examples/symbolic/division-by-zero-3-35-rotorized.btor2 -kmax 3000",
            "mean": 2.7704970171599994,
            "stddev": 0.01813224214010957,
            "median": 2.76720791156,
            "user": 2.61624998,
            "system": 0.15242451999999998,
            "min": 2.74968182256,
            "max": 2.79871768256,
            "times": [
              2.7741896645599997,
              2.79871768256,
              2.74968182256,
              2.76268800456,
              2.76720791156
            ],
            "exit_codes": [
              0,
              0,
              0,
              0,
              0
            ]
          }
        ]
      },
      "wc_raw": 2685178,
      "wc_btormc_dump": 404333
    }
  },
  "simple-decreasing-loop-1-35-rotorized.btor2": {
    "Failed": {
      "output": "",
      "hyperfine": {
        "results": [
          {
            "command": "timeout --foreground 300s btormc ../selfie/examples/symbolic/simple-decreasing-loop-1-35-rotorized.btor2 -kmax 3000",
            "mean": 300.12531437231996,
            "stddev": 0.010315847769484026,
            "median": 300.12216037472,
            "user": 270.09337672,
            "system": 29.92868676,
            "min": 300.11840243271996,
            "max": 300.14342905172,