{
  "division-by-zero-3-35-rotorized.btor2": {
    "Success": {
      "props": [
        {
          "kind": "Bad",
          "name": "core-0-division-by-zero",
          "node": 50027,
          "idx": 7
        }
      ],
      "steps": 77,
      "hyperfine": {
        "results": [
          {
            "command": "timeout --foreground 300s btormc ../selfie/examples/symbolic/division-by-zero-3-35-rotorized.btor2 -kmax 200",
            "mean": 0.19984324962,
            "stddev": 0.002530761013057196,
            "median": 0.20050468422,
            "user": 0.17608313999999997,
            "system": 0.02311434,
            "min": 0.19714181922,
            "max": 0.20334859722,
            "times": [
              0.20334859722,
              0.19760679622,
              0.20061435122,
              0.19714181922,
              0.20050468422
            ],
            "exit_codes": [
              0,
              0,
              0,
              0,
              0
            ]
          }
        ]
      },
      "wc_raw": 1070977,
      "wc_btormc_dump": 97612
    }
  },
  "nested-if-else-reverse-1-35-rotorized.btor2": {
    "Success": {
      "props": [
        {
          "kind": "Bad",
          "name": "core-0-bad-exit-code",
          "node": 50043,
          "idx": 6
        }
      ],
      "steps": 104,
      "hyperfine": {
        "results": [
          {
            "command": "timeout --foreground 300s btormc ../selfie/examples/symbolic/nested-if-else-reverse-1-35-rotorized.btor2 -kmax 200",
            "mean": 298.63330917322,
            "stddev": 2.8526018435868417,
            "median": 300.15467119142,
            "user": 264.77770856,
            "system": 33.81202154,
            "min": 293.59624312142,
            "max": 300.15733144742,
            "times": [
              299.10154683842,
              300.15733144742,
              300.15675326742,
              300.15467119142,
              293.59624312142
            ],
            "exit_codes": [
              0,
              124,
              124,
              124,
              0
            ]
          }
        ]
      },
      "wc_raw": 1161473,
      "wc_btormc_dump": 98767
    }
  },
  "recursive-factorial-fail-1-35-rotorized.btor2": {
    "Failed": {
      "output": "",
      "hyperfine": {
        "results": [
          {
            "command": "timeout --foreground 300s btormc ../selfie/examples/symbolic/recursive-factorial-fail-1-35-rotorized.btor2 -kmax 200",
            "mean": 300.11111439921996,
            "stddev": 0.00255562636146721,
            "median": 300.11224401062,
            "user": 266.6110967999999,
            "system": 33.441393139999995,
            "min": 300.10724877662,
            "max": 300.11368017062,
            "times": [
              300.11368017062,
              300.11248563161996,
              300.10991340661997,
              300.10724877662,
              300.11224401062
            ],
            "exit_codes": [
              124,
              124,
              124,
              124,
              124
            ]
          }
        ]
      },
      "wc_raw": 1206588,
      "wc_btormc_dump": 99271
    }
  },
  "return-from-loop-1-35-rotorized.btor2": {
    "Failed": {
      "output": "",
      "hyperfine": {
        "results": [
          {
            "command": "timeout --foreground 300s btormc ../selfie/examples/symbolic/return-from-loop-1-35-rotorized.btor2 -kmax 200",
            "mean": 300.10090408915994,
            "stddev": 0.002092069662500257,
            "median": 300.10015174276,
            "user": 272.70208797999993,
            "system": 27.30318148,
            "min": 300.09844229775996,
            "max": 300.10385349375997,
            "times": [
              300.10000046576,
              300.10015174276,
              300.10207244576,
              300.10385349375997,
              300.09844229775996
            ],
            "exit_codes": [
              124,
              124,
              124,
              124,
              124
            ]
          }
        ]
      },
      "wc_raw": 1003303,
      "wc_btormc_dump": 96714
    }
  },
  "simple-if-without-else-1-35-rotorized.btor2": {
    "Success": {
      "props": [
        {
          "kind": "Bad",
          "name": "core-0-bad-exit-code",
          "node": 49003,
          "idx": 6
        }
      ],
      "steps": 102,
      "hyperfine": {
        "results": [
          {
            "command": "timeout --foreground 300s btormc ../selfie/examples/symbolic/simple-if-without-else-1-35-rotorized.btor2 -kmax 200",
            "mean": 136.83100923982,
            "stddev": 1.3870257372177734,
            "median": 137.37439112882,
            "user": 129.8346374,
            "system": 6.97981374,
            "min": 135.29168905982,
            "max": 138.11337889082,
            "times": [
              137.37439112882,
              138.11337889082,
              137.98106416282,
              135.29168905982,
              135.39452295682
            ],
            "exit_codes": [
              0,
              0,
              0,
              0,
              0
            ]
          }
        ]
      },
      "wc_raw": 1037398,
      "wc_btormc_dump": 97255
    }
  },
  "invalid-memory-access-fail-2-35-rotorized.btor2": {
    "Success": {
      "props": [
        {
          "kind": "Bad",
          "name": "core-0-store-seg-fault",
          "node": 50341,
          "idx": 10
        }
      ],
      "steps": 80,
      "hyperfine": {
        "results": [
          {
            "command": "timeout --foreground 300s btormc ../selfie/examples/symbolic/invalid-memory-access-fail-2-35-rotorized.btor2 -kmax 200",
            "mean": 6.3570688545000005,
            "stddev": 0.08245928544230613,
            "median": 6.3342923867000005,
            "user": 6.212653439999999,
            "system": 0.14377568000000002,
            "min": 6.2707435767,
            "max": 6.4916508507,
            "times": [
              6.2707435767,
              6.4916508507,
              6.3642080987,
              6.3244493597,
              6.3342923867000005
            ],
            "exit_codes": [
              0,
              0,
              0,
              0,
              0
            ]
          }
        ]
      },
      "wc_raw": 1037865,
      "wc_btormc_dump": 97438
    }
  },
  "nested-recursion-fail-1-35-rotorized.btor2": {
    "Failed": {
      "output": "",
      "hyperfine": {
        "results": [
          {
            "command": "timeout --foreground 300s btormc ../selfie/examples/symbolic/nested-recursion-fail-1-35-rotorized.btor2 -kmax 200",
            "mean": 300.1405428122,
            "stddev": 0.004026049483652896,
            "median": 300.1430731004,
            "user": 264.8521608,
            "system": 35.2557816,
            "min": 300.1360350524,
            "max": 300.14409735739997,
            "times": [
              300.14409735739997,
              300.1360350524,
              300.1362732074,
              300.1432353434,
              300.1430731004
            ],
            "exit_codes": [
              124,
              124,
              124,
              124,
              124
            ]
          }
        ]
      },
      "wc_raw": 1432375,
      "wc_btormc_dump": 102098
    }
  },
  "simple-decreasing-loop-1-35-rotorized.btor2": {
    "Success": {
      "props": [
        {
          "kind": "Bad",
          "name": "core-0-bad-exit-code",
          "node": 49003,
          "idx": 6
        }
      ],
      "steps": 100,
      "hyperfine": {
        "results": [
          {
            "command": "timeout --foreground 300s btormc ../selfie/examples/symbolic/simple-decreasing-loop-1-35-rotorized.btor2 -kmax 200",
            "mean": 116.65736600304,
            "stddev": 1.1292275942508745,
            "median": 117.03268668564,
            "user": 113.75691169999996,