{
  "three-level-nested-loop-fail-1-35-rotorized.btor2": {
    "Failed": {
      "output": "",
      "hyperfine": {
        "results": [
          {
            "command": "timeout --foreground 300s btormc ../selfie/examples/symbolic/three-level-nested-loop-fail-1-35-rotorized.btor2 -kmax 200",
            "mean": 300.10614844945997,
            "stddev": 0.00915657232088057,
            "median": 300.10083258286005,
            "user": 265.14584576,
            "system": 34.834464000000004,
            "min": 300.09870193786,
            "max": 300.11922782886,
            "times": [
              300.11233588786,
              300.09870193786,
              300.09964400986,
              300.11922782886,
              300.10083258286005
            ],
            "exit_codes": [
              124,
              124,
              124,
              124,
              124
            ]
          }
        ]
      },
      "wc_raw": 281802,
      "wc_btormc_dump": 94663
    }
  },
  "recursive-ackermann-1-35-rotorized.btor2": {
    "Failed": {
      "output": "",
      "hyperfine": {
        "results": [
          {
            "command": "timeout --foreground 300s btormc ../selfie/examples/symbolic/recursive-ackermann-1-35-rotorized.btor2 -kmax 200",
            "mean": 300.06998772381996,
            "stddev": 0.004809597583852384,
            "median": 300.07183368982,
            "user": 293.41483824,
            "system": 6.638039359999999,
            "min": 300.06156212882,
            "max": 300.07366265582,
            "times": [
              300.07183368982,
              300.07189113582,
              300.07366265582,
              300.07098900882,
              300.06156212882
            ],
            "exit_codes": [
              124,
              124,
              124,
              124,
              124
            ]
          }
        ]
      },
      "wc_raw": 284991,
      "wc_btormc_dump": 95037
    }
  },
  "nested-if-else-reverse-1-35-rotorized.btor2": {
    "Success": {
      "props": [
        {
          "kind": "Bad",
          "name": "core-0-bad-exit-code",
          "node": 36003,
          "idx": 6
        }
      ],
      "steps": 104,
      "hyperfine": {
        "results": [
          {
            "command": "timeout --foreground 300s btormc ../selfie/examples/symbolic/nested-if-else-reverse-1-35-rotorized.btor2 -kmax 200",
            "mean": 178.69794897998,
            "stddev": 1.4380299201723905,
            "median": 178.28739230418,
            "user": 152.89350874,
            "system": 25.77268098,
            "min": 177.27420695718,
            "max": 180.30925512418,
            "times": [
              178.28739230418,
              177.27420695718,
              180.12378002118,
              180.30925512418,
              177.49511049318
            ],
            "exit_codes": [
              0,
              0,
              0,
              0,
              0
            ]
          }
        ]
      },
      "wc_raw": 277291,
      "wc_btormc_dump": 94005
    }
  },
  "simple-if-without-else-1-35-rotorized.btor2": {
    "Success": {
      "props": [
        {
          "kind": "Bad",
          "name": "core-0-bad-exit-code",
          "node": 36003,
          "idx": 6
        }
      ],
      "steps": 102,
      "hyperfine": {
        "results": [
          {
            "command": "timeout --foreground 300s btormc ../selfie/examples/symbolic/simple-if-without-else-1-35-rotorized.btor2 -kmax 200",
            "mean": 87.27724384726,
            "stddev": 0.9293978979118936,
            "median": 87.44174992166,
            "user": 83.72449216,
            "system": 3.5467793999999997,
            "min": 85.82949345365999,
            "max": 88.40484338366,
            "times": [
              85.82949345365999,
              87.19936621266,
              87.44174992166,
              88.40484338366,
              87.51076626465999
            ],
            "exit_codes": [
              0,
              0,
              0,
              0,
              0
            ]
          }
        ]
      },
      "wc_raw": 271818,
      "wc_btormc_dump": 93006
    }
  },
  "nested-recursion-fail-1-35-rotorized.btor2": {
    "Failed": {
      "output": "",
      "hyperfine": {
        "results": [
          {
            "command": "timeout --foreground 300s btormc ../selfie/examples/symbolic/nested-recursion-fail-1-35-rotorized.btor2 -kmax 200",
            "mean": 300.11099084604,
            "stddev": 0.002717761500197127,
            "median": 300.11015981184,
            "user": 262.15747075999997,
            "system": 37.84772165999999,
            "min": 300.10844387284004,
            "max": 300.11543544484005,
            "times": [
              300.11543544484005,
              300.11015981184,
              300.10944662184,
              300.10844387284004,
              300.11146847884004
            ],
            "exit_codes": [
              124,
              124,
              124,
              124,
              124
            ]
          }
        ]
      },
      "wc_raw": 289425,
      "wc_btormc_dump": 95921
    }
  },
  "nested-if-else-1-35-rotorized.btor2": {
    "Success": {
      "props": [
        {
          "kind": "Bad",
          "name": "core-0-bad-exit-code",
          "node": 36003,
          "idx": 6
        }
      ],
      "steps": 101,
      "hyperfine": {
        "results": [
          {
            "command": "timeout --foreground 300s btormc ../selfie/examples/symbolic/nested-if-else-1-35-rotorized.btor2 -kmax 200",
            "mean": 199.70187273644,
            "stddev": 1.881734343778916,
            "median": 199.71872625704,
            "user": 180.77699136,
            "system": 18.89912,
            "min": 197.42476046804,
            "max": 202.18768230504,
            "times": [
              200.76669794604,
              198.41149670604,
              202.18768230504,
              199.71872625704,
              197.42476046804
            ],
            "exit_codes": [
              0,
              0,
              0,
              0,
              0
            ]
          }
        ]
      },
      "wc_raw": 277019,
      "wc_btormc_dump": 93923
    }
  },
  "recursive-factorial-fail-1-35-rotorized.btor2": {
    "Failed": {
      "output": "",
      "hyperfine": {
        "results": [
          {
            "command": "timeout --foreground 300s btormc ../selfie/examples/symbolic/recursive-factorial-fail-1-35-rotorized.btor2 -kmax 200",
            "mean": 300.13864010042,
            "stddev": 0.012318057850233816,
            "median": 300.13433212181997,
            "user": 259.591903,
            "system": 40.4580376,
            "min": 300.12827379481996,
            "max": 300.15956759482,
            "times": [
              300.13209239281997,
              300.15956759482,
              300.13893459781997,
              300.13433212181997,
              300.12827379481996
            ],
            "exit_codes": [
              124,
              124,
              124,
              124,
              124
            ]
          }
        ]
      },
      "wc_raw": 279278,
      "wc_btormc_dump": 94196
    }
  },
  "simple-if-else-reverse-1-35-rotorized.btor2": {
    "Failed": {
      "output": "",
      "hyperfine": {
        "results": [
          {
            "command": "timeout --foreground 300s btormc ../selfie/examples/symbolic/simple-if-else-reverse-1-35-rotorized.btor2 -kmax 200",
            "mean": 300.13889556842,
            "stddev": 0.008192852228390127,
            "median": 300.14414670022,
            "user": 268.82153787999994,
            "system": 31.192824359999996,
            "min": 300.12863430822,
            "max": 300.14533691522,