{
  "nested-recursion-fail-1-35-rotorized.btor2": {
    "Failed": {
      "output": "",
      "hyperfine": {
        "results": [
          {
            "command": "timeout --foreground 300s btormc ../selfie/examples/symbolic/nested-recursion-fail-1-35-rotorized.btor2 -kmax 200",
            "mean": 300.12724224796,
            "stddev": 0.015379013209089382,
            "median": 300.12044993676,
            "user": 259.39795112,
            "system": 40.61311892,
            "min": 300.11903468176,
            "max": 300.15466389576,
            "times": [
              300.15466389576,
              300.11971614476005,
              300.11903468176,
              300.12234658076,
              300.12044993676
            ],
            "exit_codes": [
              124,
              124,
              124,
              124,
              124
            ]
          }
        ]
      },
      "wc_raw": 497549,
      "wc_btormc_dump": 111474
    }
  },
  "recursive-factorial-fail-1-35-rotorized.btor2": {
    "Failed": {
      "output": "",
      "hyperfine": {
        "results": [
          {
            "command": "timeout --foreground 300s btormc ../selfie/examples/symbolic/recursive-factorial-fail-1-35-rotorized.btor2 -kmax 200",
            "mean": 300.17048955754,
            "stddev": 0.021302808284810768,
            "median": 300.16211742534,
            "user": 258.9177339,
            "system": 41.13470362,
            "min": 300.15341305734,
            "max": 300.20752601234,
            "times": [
              300.16211742534,
              300.16740685534,
              300.16198443734,
              300.15341305734,
              300.20752601234
            ],
            "exit_codes": [
              124,
              124,
              124,
              124,
              124
            ]
          }
        ]
      },
      "wc_raw": 448042,
      "wc_btormc_dump": 107069
    }
  },
  "invalid-memory-access-fail-2-35-rotorized.btor2": {
    "Success": {
      "props": [
        {
          "kind": "Bad",
          "name": "core-0-store-seg-fault",
          "node": 40241,
          "idx": 10
        }
      ],
      "steps": 80,
      "hyperfine": {
        "results": [
          {
            "command": "timeout --foreground 300s btormc ../selfie/examples/symbolic/invalid-memory-access-fail-2-35-rotorized.btor2 -kmax 200",
            "mean": 6.82300671464,
            "stddev": 0.10108689683451406,
            "median": 6.86301095864,
            "user": 6.6629119,
            "system": 0.15959542,
            "min": 6.6999999176400005,
            "max": 6.93805003964,
            "times": [
              6.8790798756400005,
              6.93805003964,
              6.73489278164,
              6.6999999176400005,
              6.86301095864
            ],
            "exit_codes": [
              0,
              0,
              0,
              0,
              0
            ]
          }
        ]
      },
      "wc_raw": 411529,
      "wc_btormc_dump": 103792
    }
  },
  "division-by-zero-3-35-rotorized.btor2": {
    "Success": {
      "props": [
        {
          "kind": "Bad",
          "name": "core-0-division-by-zero",
          "node": 40027,
          "idx": 7
        }
      ],
      "steps": 77,
      "hyperfine": {
        "results": [
          {
            "command": "timeout --foreground 300s btormc ../selfie/examples/symbolic/division-by-zero-3-35-rotorized.btor2 -kmax 200",
            "mean": 0.17832115388,
            "stddev": 0.0010422212586376212,
            "median": 0.17816725808,
            "user": 0.16101034,
            "system": 0.017211940000000002,
            "min": 0.17698372008000002,
            "max": 0.17965854908,
            "times": [
              0.17816725808,
              0.17779313608000002,
              0.17965854908,
              0.17698372008000002,
              0.17900310608
            ],
            "exit_codes": [
              0,
              0,
              0,
              0,
              0
            ]
          }
        ]
      },
      "wc_raw": 418199,
      "wc_btormc_dump": 104486
    }
  },
  "nested-if-else-1-35-rotorized.btor2": {
    "Success": {
      "props": [
        {
          "kind": "Bad",
          "name": "core-0-bad-exit-code",
          "node": 39003,
          "idx": 6
        }
      ],
      "steps": 101,
      "hyperfine": {
        "results": [
          {
            "command": "timeout --foreground 300s btormc ../selfie/examples/symbolic/nested-if-else-1-35-rotorized.btor2 -kmax 200",
            "mean": 285.94695873274,
            "stddev": 2.4348845834053487,
            "median": 285.72624812374,
            "user": 247.97009416,
            "system": 37.94198334,
            "min": 282.40909785174,
            "max": 288.54597081073996,
            "times": [
              285.16249393073997,
              287.89098294674,
              288.54597081073996,
              282.40909785174,
              285.72624812374
            ],
            "exit_codes": [
              0,
              0,
              0,
              0,
              0
            ]
          }
        ]
      },
      "wc_raw": 437911,
      "wc_btormc_dump": 106544
    }
  },
  "memory-access-fail-1-35-rotorized.btor2": {
    "Success": {
      "props": [
        {
          "kind": "Bad",
          "name": "core-0-load-seg-fault",
          "node": 40247,
          "idx": 9
        }
      ],
      "steps": 67,
      "hyperfine": {
        "results": [
          {
            "command": "timeout --foreground 300s btormc ../selfie/examples/symbolic/memory-access-fail-1-35-rotorized.btor2 -kmax 200",
            "mean": 0.15622504978,
            "stddev": 0.002631461881811135,
            "median": 0.15485345678,
            "user": 0.13878585999999998,
            "system": 0.017270799999999996,
            "min": 0.15402670078,
            "max": 0.16047164478,
            "times": [
              0.15402670078,
              0.15485345678,
              0.16047164478,
              0.15472013378000002,
              0.15705331278
            ],
            "exit_codes": [
              0,
              0,
              0,
              0,
              0
            ]
          }
        ]
      },
      "wc_raw": 623574,
      "wc_btormc_dump": 123730
    }
  },
  "two-level-nested-loop-1-35-rotorized.btor2": {
    "Success": {
      "props": [
        {
          "kind": "Bad",
          "name": "core-0-bad-exit-code",
          "node": 39003,
          "idx": 6
        }
      ],
      "steps": 100,
      "hyperfine": {
        "results": [
          {
            "command": "timeout --foreground 300s btormc ../selfie/examples/symbolic/two-level-nested-loop-1-35-rotorized.btor2 -kmax 200",
            "mean": 218.80265409292,
            "stddev": 3.2483181611588483,
            "median": 219.46289576052,
            "user": 196.77326132,
            "system": 21.99909666,
            "min": 214.06545089152,
            "max": 222.01868329852,
            "times": [
              214.06545089152,
              217.15756922352,
              222.01868329852,
              221.30867129052,
              219.46289576052
            ],
            "exit_codes": [
              0,
              0,
              0,
              0,
              0
            ]
          }
        ]
      },
      "wc_raw": 435493,
      "wc_btormc_dump": 106525
    }
  },
  "simple-increasing-loop-1-35-rotorized.btor2": {
    "Success": {
      "props": [
        {
          "kind": "Bad",
          "name": "core-0-bad-exit-code",
          "node": 39003,
          "idx": 6
        }
      ],
      "steps": 94,
      "hyperfine": {
        "results": [
          {
            "command": "timeout --foreground 300s btormc ../selfie/examples/symbolic/simple-increasing-loop-1-35-rotorized.btor2 -kmax 200",
            "mean": 186.26546916211996,