{
  "recursive-ackermann-1-35-rotorized.btor2": {
    "Failed": {
      "output": "",
      "hyperfine": {
        "results": [
          {
            "command": "timeout --foreground 300s btormc ../selfie/examples/symbolic/recursive-ackermann-1-35-rotorized.btor2 -kmax 3000",
            "mean": 300.13002219509997,
            "stddev": 0.0018528172754498843,
            "median": 300.1293697391,
            "user": 268.646077,
            "system": 31.449731980000003,
            "min": 300.1279776431,
            "max": 300.1326868951,
            "times": [
              300.1290321961,
              300.1326868951,
              300.1293697391,
              300.1310445021,
              300.1279776431
            ],
            "exit_codes": [
              124,
              124,
              124,
              124,
              124
            ]
          }
        ]
      },
      "wc_raw": 2255929,
      "wc_btormc_dump": 352718
    }
  },
  "division-by-zero-3-35-rotorized.btor2": {
    "Success": {
      "props": [
        {
          "kind": "Bad",
          "name": "core-0-known-instructions",
          "node": 300075,
          "idx": 2
        }
      ],
      "steps": 716,
      "hyperfine": {
        "results": [
          {
            "command": "timeout --foreground 300s btormc ../selfie/examples/symbolic/division-by-zero-3-35-rotorized.btor2 -kmax 3000",
            "mean": 2.35499056,
            "stddev": 0.02463064436615713,
            "median": 2.3527481486000004,
            "user": 2.2013230399999997,
            "system": 0.15339361999999998,
            "min": 2.3206048106000003,
            "max": 2.3898479326000004,
            "times": [
              2.3592421186,
              2.3525097896000005,
              2.3527481486000004,
              2.3898479326000004,
              2.3206048106000003
            ],
            "exit_codes": [
              0,
              0,
              0,
              0,
              0
            ]
          }
        ]
      },
      "wc_raw": 2172410,
      "wc_btormc_dump": 342616
    }
  },
  "simple-if-without-else-1-35-rotorized.btor2": {
    "Success": {
      "props": [
        {
          "kind": "Bad",
          "name": "core-0-bad-exit-code",
          "node": 300203,
          "idx": 6
        }
      ],
      "steps": 824,
      "hyperfine": {
        "results": [
          {
            "command": "timeout --foreground 300s btormc ../selfie/examples/symbolic/simple-if-without-else-1-35-rotorized.btor2 -kmax 3000",
            "mean": 2.1596318943,
            "stddev": 0.024706683644855724,
            "median": 2.1644443311,
            "user": 1.99880306,
            "system": 0.15910649999999998,
            "min": 2.1175290601,
            "max": 2.1801248181,
            "times": [
              2.1644443311,
              2.1615177521,
              2.1175290601,
              2.1745435101,
              2.1801248181
            ],
            "exit_codes": [
              0,
              0,
              0,
              0,
              0
            ]
          }
        ]
      },
      "wc_raw": 2170102,
      "wc_btormc_dump": 342294
    }
  },
  "nested-recursion-fail-1-35-rotorized.btor2": {
    "Failed": {
      "output": "",
      "hyperfine": {
        "results": [
          {
            "command": "timeout --foreground 300s btormc ../selfie/examples/symbolic/nested-recursion-fail-1-35-rotorized.btor2 -kmax 3000",
            "mean": 300.13096636594,
            "stddev": 0.007294229127081765,
            "median": 300.12839742273997,
            "user": 278.5095143,
            "system": 21.564697,
            "min": 300.12678765374,
            "max": 300.14394574574,
            "times": [
              300.12839742273997,
              300.14394574574,
              300.12718698474,
              300.12678765374,
              300.12851402274
            ],
            "exit_codes": [
              124,
              124,
              124,
              124,
              124
            ]
          }
        ]
      },
      "wc_raw": 2238175,
      "wc_btormc_dump": 350864
    }
  },
  "memory-access-fail-1-35-rotorized.btor2": {
    "Success": {
      "props": [
        {
          "kind": "Bad",
          "name": "core-0-unknown-syscall-ID",
          "node": 300110,
          "idx": 5
        }
      ],
      "steps": 710,
      "hyperfine": {
        "results": [
          {
            "command": "timeout --foreground 300s btormc ../selfie/examples/symbolic/memory-access-fail-1-35-rotorized.btor2 -kmax 3000",
            "mean": 1.82363799176,
            "stddev": 0.007150208613107662,
            "median": 1.82075814936,
            "user": 1.68054148,
            "system": 0.14277858,
            "min": 1.81934330136,
            "max": 1.83637574636,
            "times": [
              1.82099595936,
              1.82075814936,
              1.83637574636,
              1.81934330136,
              1.82071680236
            ],
            "exit_codes": [
              0,
              0,
              0,
              0,
              0
            ]
          }
        ]
      },
      "wc_raw": 2275198,
      "wc_btormc_dump": 354143
    }
  },
  "invalid-memory-access-fail-2-35-rotorized.btor2": {
    "Success": {
      "props": [
        {
          "kind": "Bad",
          "name": "core-0-store-seg-fault",
          "node": 300641,
          "idx": 10
        }
      ],
      "steps": 719,
      "hyperfine": {
        "results": [
          {
            "command": "timeout --foreground 300s btormc ../selfie/examples/symbolic/invalid-memory-access-fail-2-35-rotorized.btor2 -kmax 3000",
            "mean": 3.4541065631400003,
            "stddev": 0.05200948743578646,
            "median": 3.46207353114,
            "user": 3.2738403,
            "system": 0.17870097999999998,
            "min": 3.37513468114,
            "max": 3.51091694214,
            "times": [
              3.48561443114,
              3.37513468114,
              3.43679323014,
              3.51091694214,
              3.46207353114
            ],
            "exit_codes": [
              0,
              0,
              0,
              0,
              0
            ]
          }
        ]
      },
      "wc_raw": 2175241,
      "wc_btormc_dump": 341269
    }
  },
  "return-from-loop-1-35-rotorized.btor2": {
    "Success": {
      "props": [
        {
          "kind": "Bad",
          "name": "core-0-bad-exit-code",
          "node": 300203,
          "idx": 6
        }
      ],
      "steps": 822,
      "hyperfine": {
        "results": [
          {
            "command": "timeout --foreground 300s btormc ../selfie/examples/symbolic/return-from-loop-1-35-rotorized.btor2 -kmax 3000",
            "mean": 2.15900698676,
            "stddev": 0.026933752596321477,
            "median": 2.15772841236,
            "user": 1.9912830399999997,
            "system": 0.16748327999999998,
            "min": 2.12543154736,
            "max": 2.19802605936,
            "times": [
              2.15772841236,
              2.16791539336,
              2.12543154736,
              2.19802605936,
              2.14593352136
            ],
            "exit_codes": [
              0,
              0,
              0,
              0,
              0
            ]
          }
        ]
      },
      "wc_raw": 2168533,
      "wc_btormc_dump": 341452
    }
  },
  "two-level-nested-loop-1-35-rotorized.btor2": {
    "Failed": {
      "output": "",
      "hyperfine": {
        "results": [
          {
            "command": "timeout --foreground 300s btormc ../selfie/examples/symbolic/two-level-nested-loop-1-35-rotorized.btor2 -kmax 3000",
            "mean": 300.09268673392,
            "stddev": 0.0015171147946033943,
            "median": 300.09188715292004,
            "user": 277.7127137,
            "system": 22.31947878,