{
  "simple-assignment-1-35-rotorized.btor2": {
    "Success": {
      "props": [
        {
          "kind": "Bad",
          "name": "core-0-bad-exit-code",
          "node": 300033,
          "idx": 6
        }
      ],
      "steps": 824,
      "hyperfine": {
        "results": [
          {
            "command": "timeout --foreground 300s btormc ../selfie/examples/symbolic/simple-assignment-1-35-rotorized.btor2 -kmax 3000",
            "mean": 1.96310398482,
            "stddev": 0.033218335273936056,
            "median": 1.96942800782,
            "user": 1.82090444,
            "system": 0.14197418,
            "min": 1.90816749282,
            "max": 1.99869233382,
            "times": [
              1.97111192882,
              1.90816749282,
              1.96812016082,
              1.96942800782,
              1.99869233382
            ],
            "exit_codes": [
              0,
              0,
              0,
              0,
              0
            ]
          }
        ]
      },
      "wc_raw": 686827,
      "wc_btormc_dump": 214235
    }
  },
  "invalid-memory-access-fail-2-35-rotorized.btor2": {
    "Success": {
      "props": [
        {
          "kind": "Bad",
          "name": "core-0-store-seg-fault",
          "node": 300241,
          "idx": 10
        }
      ],
      "steps": 719,
      "hyperfine": {
        "results": [
          {
            "command": "timeout --foreground 300s btormc ../selfie/examples/symbolic/invalid-memory-access-fail-2-35-rotorized.btor2 -kmax 3000",
            "mean": 5.458891131,
            "stddev": 0.23707783254028025,
            "median": 5.6223307978,
            "user": 5.19565246,
            "system": 0.26239488000000005,
            "min": 5.1933903798,
            "max": 5.6375780958,
            "times": [
              5.6359332778,
              5.6375780958,
              5.6223307978,
              5.1933903798,
              5.2052231038
            ],
            "exit_codes": [
              0,
              0,
              0,
              0,
              0
            ]
          }
        ]
      },
      "wc_raw": 688126,
      "wc_btormc_dump": 214451
    }
  },
  "return-from-loop-1-35-rotorized.btor2": {
    "Success": {
      "props": [
        {
          "kind": "Bad",
          "name": "core-0-bad-exit-code",
          "node": 300033,
          "idx": 6
        }
      ],
      "steps": 822,
      "hyperfine": {
        "results": [
          {
            "command": "timeout --foreground 300s btormc ../selfie/examples/symbolic/return-from-loop-1-35-rotorized.btor2 -kmax 3000",
            "mean": 1.98544404978,
            "stddev": 0.033875698599165636,
            "median": 1.99190390678,
            "user": 1.84347236,
            "system": 0.14140805999999995,
            "min": 1.93911655078,
            "max": 2.02916102278,
            "times": [
              1.96796781678,
              1.99190390678,
              1.99907095178,
              2.02916102278,
              1.93911655078
            ],
            "exit_codes": [
              0,
              0,
              0,
              0,
              0
            ]
          }
        ]
      },
      "wc_raw": 686538,
      "wc_btormc_dump": 214032
    }
  },
  "memory-access-fail-1-35-rotorized.btor2": {
    "Success": {
      "props": [
        {
          "kind": "Bad",
          "name": "core-0-unknown-syscall-ID",
          "node": 300020,
          "idx": 5
        }
      ],
      "steps": 710,
      "hyperfine": {
        "results": [
          {
            "command": "timeout --foreground 300s btormc ../selfie/examples/symbolic/memory-access-fail-1-35-rotorized.btor2 -kmax 3000",
            "mean": 1.6522140525200002,
            "stddev": 0.008396160595115804,
            "median": 1.65459384952,
            "user": 1.53108996,
            "system": 0.12092204,
            "min": 1.63894725752,
            "max": 1.66041313552,
            "times": [
              1.63894725752,
              1.65459384952,
              1.64971917152,
              1.65739684852,
              1.66041313552
            ],
            "exit_codes": [
              0,
              0,
              0,
              0,
              0
            ]
          }
        ]
      },
      "wc_raw": 708211,
      "wc_btormc_dump": 218994
    }
  },
  "simple-if-without-else-1-35-rotorized.btor2": {
    "Success": {
      "props": [
        {
          "kind": "Bad",
          "name": "core-0-bad-exit-code",
          "node": 300033,
          "idx": 6
        }
      ],
      "steps": 824,
      "hyperfine": {
        "results": [
          {
            "command": "timeout --foreground 300s btormc ../selfie/examples/symbolic/simple-if-without-else-1-35-rotorized.btor2 -kmax 3000",
            "mean": 1.97263333778,
            "stddev": 0.024877417160293368,
            "median": 1.97444147758,
            "user": 1.8334388,
            "system": 0.13672728,
            "min": 1.93263705158,
            "max": 1.99427831958,
            "times": [
              1.99427831958,
              1.99246406958,
              1.96934577058,
              1.97444147758,
              1.93263705158
            ],
            "exit_codes": [
              0,
              0,
              0,
              0,
              0
            ]
          }
        ]
      },
      "wc_raw": 687083,
      "wc_btormc_dump": 214348
    }
  },
  "simple-if-else-1-35-rotorized.btor2": {
    "Success": {
      "props": [
        {
          "kind": "Bad",
          "name": "core-0-bad-exit-code",
          "node": 300033,
          "idx": 6
        }
      ],
      "steps": 824,
      "hyperfine": {
        "results": [
          {
            "command": "timeout --foreground 300s btormc ../selfie/examples/symbolic/simple-if-else-1-35-rotorized.btor2 -kmax 3000",
            "mean": 1.931907965,
            "stddev": 0.02260646373285771,
            "median": 1.930986475,
            "user": 1.79281332,
            "system": 0.13849214,
            "min": 1.906476394,
            "max": 1.959332565,
            "times": [
              1.959332565,
              1.949315329,
              1.906476394,
              1.913429062,
              1.930986475
            ],
            "exit_codes": [
              0,
              0,
              0,
              0,
              0
            ]
          }
        ]
      },
      "wc_raw": 686809,
      "wc_btormc_dump": 214237
    }
  },
  "division-by-zero-3-35-rotorized.btor2": {
    "Success": {
      "props": [
        {
          "kind": "Bad",
          "name": "core-0-known-instructions",
          "node": 280005,
          "idx": 2
        }
      ],
      "steps": 716,
      "hyperfine": {
        "results": [
          {
            "command": "timeout --foreground 300s btormc ../selfie/examples/symbolic/division-by-zero-3-35-rotorized.btor2 -kmax 3000",
            "mean": 3.70166788896,
            "stddev": 0.0319257435454509,
            "median": 3.69295973076,
            "user": 3.4561369400000004,
            "system": 0.24206794,
            "min": 3.68083594176,
            "max": 3.75766813576,
            "times": [
              3.68083594176,
              3.69295973076,
              3.68206941276,
              3.69480622376,
              3.75766813576
            ],
            "exit_codes": [
              0,
              0,
              0,
              0,
              0
            ]
          }
        ]
      },
      "wc_raw": 687343,
      "wc_btormc_dump": 214423
    }
  },
  "simple-if-else-reverse-1-35-rotorized.btor2": {
    "Success": {
      "props": [
        {
          "kind": "Bad",
          "name": "core-0-bad-exit-code",
          "node": 300033,
          "idx": 6
        }
      ],
      "steps": 824,