{
  "nested-if-else-reverse-1-35-rotorized.btor2": {
    "Failed": {
      "output": "",
      "hyperfine": {
        "results": [
          {
            "command": "timeout --foreground 300s btormc ../selfie/examples/symbolic/nested-if-else-reverse-1-35-rotorized.btor2 -kmax 200",
            "mean": 300.13853058692,
            "stddev": 0.01008176258535022,
            "median": 300.13405451592,
            "user": 277.15240086,
            "system": 22.894283960000003,
            "min": 300.12967110992,
            "max": 300.15127061892,
            "times": [
              300.13029732892,
              300.12967110992,
              300.15127061892,
              300.14735936092,
              300.13405451592
            ],
            "exit_codes": [
              124,
              124,
              124,
              124,
              124
            ]
          }
        ]
      },
      "wc_raw": 427314,
      "wc_btormc_dump": 112751
    }
  },
  "nested-recursion-fail-1-35-rotorized.btor2": {
    "Failed": {
      "output": "",
      "hyperfine": {
        "results": [
          {
            "command": "timeout --foreground 300s btormc ../selfie/examples/symbolic/nested-recursion-fail-1-35-rotorized.btor2 -kmax 200",
            "mean": 300.11684604026,
            "stddev": 0.017521499615031494,
            "median": 300.11489979366,
            "user": 262.39656405999995,
            "system": 37.67732631999999,
            "min": 300.09118006566,
            "max": 300.13927173266,
            "times": [
              300.11448350266,
              300.12439510666,
              300.09118006566,
              300.13927173266,
              300.11489979366
            ],
            "exit_codes": [
              124,
              124,
              124,
              124,
              124
            ]
          }
        ]
      },
      "wc_raw": 483848,
      "wc_btormc_dump": 118968
    }
  },
  "simple-decreasing-loop-1-35-rotorized.btor2": {
    "Success": {
      "props": [
        {
          "kind": "Bad",
          "name": "core-0-bad-exit-code",
          "node": 39003,
          "idx": 6
        }
      ],
      "steps": 100,
      "hyperfine": {
        "results": [
          {
            "command": "timeout --foreground 300s btormc ../selfie/examples/symbolic/simple-decreasing-loop-1-35-rotorized.btor2 -kmax 200",
            "mean": 144.27047545104,
            "stddev": 1.1118271447866286,
            "median": 144.41556757264,
            "user": 141.04591378,
            "system": 3.2150124399999997,
            "min": 142.62348340364,
            "max": 145.70328461964,
            "times": [
              142.62348340364,
              145.70328461964,
              144.02602710963998,
              144.41556757264,
              144.58401454964
            ],
            "exit_codes": [
              0,
              0,
              0,
              0,
              0
            ]
          }
        ]
      },
      "wc_raw": 406187,
      "wc_btormc_dump": 110495
    }
  },
  "recursive-ackermann-1-35-rotorized.btor2": {
    "Failed": {
      "output": "",
      "hyperfine": {
        "results": [
          {
            "command": "timeout --foreground 300s btormc ../selfie/examples/symbolic/recursive-ackermann-1-35-rotorized.btor2 -kmax 200",
            "mean": 300.09702536784,
            "stddev": 0.005999627368147362,
            "median": 300.09407941044,
            "user": 274.73574358,
            "system": 25.330198860000003,
            "min": 300.09230161644,
            "max": 300.10710345944,
            "times": [
              300.10710345944,
              300.09407941044,
              300.09788533944,
              300.09230161644,
              300.09375701344
            ],
            "exit_codes": [
              124,
              124,
              124,
              124,
              124
            ]
          }
        ]
      },
      "wc_raw": 464614,
      "wc_btormc_dump": 116732
    }
  },
  "division-by-zero-3-35-rotorized.btor2": {
    "Success": {
      "props": [
        {
          "kind": "Bad",
          "name": "core-0-division-by-zero",
          "node": 40027,
          "idx": 7
        }
      ],
      "steps": 77,
      "hyperfine": {
        "results": [
          {
            "command": "timeout --foreground 300s btormc ../selfie/examples/symbolic/division-by-zero-3-35-rotorized.btor2 -kmax 200",
            "mean": 0.18684334274000003,
            "stddev": 0.0029016928241366777,
            "median": 0.18722477214,
            "user": 0.16951774,
            "system": 0.0170615,
            "min": 0.18357444314,
            "max": 0.19086169614,
            "times": [
              0.18801880314,
              0.18453699914,
              0.19086169614,
              0.18722477214,
              0.18357444314
            ],
            "exit_codes": [
              0,
              0,
              0,
              0,
              0
            ]
          }
        ]
      },
      "wc_raw": 408274,
      "wc_btormc_dump": 110618
    }
  },
  "return-from-loop-1-35-rotorized.btor2": {
    "Failed": {
      "output": "",
      "hyperfine": {
        "results": [
          {
            "command": "timeout --foreground 300s btormc ../selfie/examples/symbolic/return-from-loop-1-35-rotorized.btor2 -kmax 200",
            "mean": 300.09314577284005,
            "stddev": 0.0010056704043249246,
            "median": 300.09333412544004,
            "user": 270.16224881999995,
            "system": 29.858198419999997,
            "min": 300.09160887344,
            "max": 300.09417871744,
            "times": [
              300.09160887344,
              300.09333412544004,
              300.09381892744,
              300.09417871744,
              300.09278822044
            ],
            "exit_codes": [
              124,
              124,
              124,
              124,
              124
            ]
          }
        ]
      },
      "wc_raw": 394192,
      "wc_btormc_dump": 109079
    }
  },
  "simple-if-without-else-1-35-rotorized.btor2": {
    "Success": {
      "props": [
        {
          "kind": "Bad",
          "name": "core-0-bad-exit-code",
          "node": 39003,
          "idx": 6
        }
      ],
      "steps": 102,
      "hyperfine": {
        "results": [
          {
            "command": "timeout --foreground 300s btormc ../selfie/examples/symbolic/simple-if-without-else-1-35-rotorized.btor2 -kmax 200",
            "mean": 136.36293234201997,
            "stddev": 2.295982452575128,
            "median": 136.33706652901998,
            "user": 130.64157964,
            "system": 5.71144288,
            "min": 133.24000802502,
            "max": 139.72144761202,
            "times": [
              139.72144761202,
              136.33706652901998,
              136.38296817902,
              136.13317136502,
              133.24000802502
            ],
            "exit_codes": [
              0,
              0,
              0,
              0,
              0
            ]
          }
        ]
      },
      "wc_raw": 401491,
      "wc_btormc_dump": 109969
    }
  },
  "two-level-nested-loop-1-35-rotorized.btor2": {
    "Failed": {
      "output": "",
      "hyperfine": {
        "results": [
          {
            "command": "timeout --foreground 300s btormc ../selfie/examples/symbolic/two-level-nested-loop-1-35-rotorized.btor2 -kmax 200",
            "mean": 300.1018296303,
            "stddev": 0.001350621140561535,
            "median": 300.1021208975,
            "user": 283.48913324,
            "system": 16.58583886,
            "min": 300.10011946550003,
            "max": 300.10339192950005,
            "times": [
              300.10011946550003,
              300.1007997675,
              300.1021208975,
              300.10339192950005,
              300.10271609150004
            ],