{
  "memory-access-fail-1-35-rotorized.btor2": {
    "Success": {
      "props": [
        {
          "kind": "Bad",
          "name": "core-0-unknown-syscall-ID",
          "node": 300080,
          "idx": 5
        }
      ],
      "steps": 710,
      "hyperfine": {
        "results": [
          {
            "command": "timeout --foreground 300s btormc ../selfie/examples/symbolic/memory-access-fail-1-35-rotorized.btor2 -kmax 3000",
            "mean": 1.9423322097400004,
            "stddev": 0.0061133634706233295,
            "median": 1.93990971194,
            "user": 1.7995566799999998,
            "system": 0.14227204,
            "min": 1.93675876194,
            "max": 1.95177985694,
            "times": [
              1.93675876194,
              1.93827099694,
              1.93990971194,
              1.94494172094,
              1.95177985694
            ],
            "exit_codes": [
              0,
              0,
              0,
              0,
              0
            ]
          }
        ]
      },
      "wc_raw": 2772216,
      "wc_btormc_dump": 230274
    }
  },
  "invalid-memory-access-fail-2-35-rotorized.btor2": {
    "Success": {
      "props": [
        {
          "kind": "Bad",
          "name": "core-0-store-seg-fault",
          "node": 300441,
          "idx": 10
        }
      ],
      "steps": 719,
      "hyperfine": {
        "results": [
          {
            "command": "timeout --foreground 300s btormc ../selfie/examples/symbolic/invalid-memory-access-fail-2-35-rotorized.btor2 -kmax 3000",
            "mean": 5.114586320780001,
            "stddev": 0.025030093785850815,
            "median": 5.11717748658,
            "user": 4.8341302,
            "system": 0.27886226000000003,
            "min": 5.07445962358,
            "max": 5.13865756658,
            "times": [
              5.13865756658,
              5.11717748658,
              5.11085213558,
              5.13178479158,
              5.07445962358
            ],
            "exit_codes": [
              0,
              0,
              0,
              0,
              0
            ]
          }
        ]
      },
      "wc_raw": 2759631,
      "wc_btormc_dump": 225758
    }
  },
  "simple-assignment-1-35-rotorized.btor2": {
    "Success": {
      "props": [
        {
          "kind": "Bad",
          "name": "core-0-bad-exit-code",
          "node": 300093,
          "idx": 6
        }
      ],
      "steps": 824,
      "hyperfine": {
        "results": [
          {
            "command": "timeout --foreground 300s btormc ../selfie/examples/symbolic/simple-assignment-1-35-rotorized.btor2 -kmax 3000",
            "mean": 2.2840983795200005,
            "stddev": 0.013638126026349505,
            "median": 2.28211944512,
            "user": 2.11341144,
            "system": 0.17016589999999998,
            "min": 2.26871677012,
            "max": 2.30382634512,
            "times": [
              2.28211944512,
              2.29038088812,
              2.27544844912,
              2.26871677012,
              2.30382634512
            ],
            "exit_codes": [
              0,
              0,
              0,
              0,
              0
            ]
          }
        ]
      },
      "wc_raw": 2750832,
      "wc_btormc_dump": 225471
    }
  },
  "return-from-loop-1-35-rotorized.btor2": {
    "Success": {
      "props": [
        {
          "kind": "Bad",
          "name": "core-0-bad-exit-code",
          "node": 300093,
          "idx": 6
        }
      ],
      "steps": 822,
      "hyperfine": {
        "results": [
          {
            "command": "timeout --foreground 300s btormc ../selfie/examples/symbolic/return-from-loop-1-35-rotorized.btor2 -kmax 3000",
            "mean": 2.28154019388,
            "stddev": 0.017233286588787446,
            "median": 2.27332876168,
            "user": 2.12108438,
            "system": 0.16008335999999998,
            "min": 2.26960879968,
            "max": 2.31109847068,
            "times": [
              2.27134877468,
              2.26960879968,
              2.28231616268,
              2.31109847068,
              2.27332876168
            ],
            "exit_codes": [
              0,
              0,
              0,
              0,
              0
            ]
          }
        ]
      },
      "wc_raw": 2750543,
      "wc_btormc_dump": 225217
    }
  },
  "simple-if-without-else-1-35-rotorized.btor2": {
    "Success": {
      "props": [
        {
          "kind": "Bad",
          "name": "core-0-bad-exit-code",
          "node": 300093,
          "idx": 6
        }
      ],
      "steps": 824,
      "hyperfine": {
        "results": [
          {
            "command": "timeout --foreground 300s btormc ../selfie/examples/symbolic/simple-if-without-else-1-35-rotorized.btor2 -kmax 3000",
            "mean": 2.27809248358,
            "stddev": 0.013309488200191332,
            "median": 2.27557214298,
            "user": 2.10540466,
            "system": 0.17210944,
            "min": 2.26623496098,
            "max": 2.3008751189799996,
            "times": [
              2.3008751189799996,
              2.27579382698,
              2.27198636798,
              2.26623496098,
              2.27557214298
            ],
            "exit_codes": [
              0,
              0,
              0,
              0,
              0
            ]
          }
        ]
      },
      "wc_raw": 2758588,
      "wc_btormc_dump": 225562
    }
  },
  "simple-if-else-reverse-1-35-rotorized.btor2": {
    "Success": {
      "props": [
        {
          "kind": "Bad",
          "name": "core-0-bad-exit-code",
          "node": 300093,
          "idx": 6
        }
      ],
      "steps": 824,
      "hyperfine": {
        "results": [
          {
            "command": "timeout --foreground 300s btormc ../selfie/examples/symbolic/simple-if-else-reverse-1-35-rotorized.btor2 -kmax 3000",
            "mean": 2.28632544362,
            "stddev": 0.020246078352229396,
            "median": 2.28483473922,
            "user": 2.11267902,
            "system": 0.17333612,
            "min": 2.26256489922,
            "max": 2.31373156022,
            "times": [
              2.27261052322,
              2.31373156022,
              2.28483473922,
              2.26256489922,
              2.29788549622
            ],
            "exit_codes": [
              0,
              0,
              0,
              0,
              0
            ]
          }
        ]
      },
      "wc_raw": 2758588,
      "wc_btormc_dump": 225606
    }
  },
  "simple-if-else-1-35-rotorized.btor2": {
    "Success": {
      "props": [
        {
          "kind": "Bad",
          "name": "core-0-bad-exit-code",
          "node": 300093,
          "idx": 6
        }
      ],
      "steps": 824,
      "hyperfine": {
        "results": [
          {
            "command": "timeout --foreground 300s btormc ../selfie/examples/symbolic/simple-if-else-1-35-rotorized.btor2 -kmax 3000",
            "mean": 2.2864808107199996,
            "stddev": 0.029177128308432356,
            "median": 2.30384167512,
            "user": 2.1257548999999996,
            "system": 0.16053818,
            "min": 2.24118867312,
            "max": 2.31019054312,
            "times": [
              2.31019054312,
              2.30410576512,
              2.30384167512,
              2.27307739712,
              2.24118867312
            ],
            "exit_codes": [
              0,
              0,
              0,
              0,
              0
            ]
          }
        ]
      },
      "wc_raw": 2750814,
      "wc_btormc_dump": 225445
    }
  },
  "division-by-zero-3-35-rotorized.btor2": {
    "Success": {
      "props": [
        {
          "kind": "Bad",
          "name": "core-0-known-instructions",
          "node": 300045,
          "idx": 2
        }
      ],
      "steps": 716,