{
  "simple-decreasing-loop-1-35-rotorized.btor2": {
    "Failed": {
      "output": "",
      "hyperfine": {
        "results": [
          {
            "command": "timeout --foreground 300s btormc ../selfie/examples/symbolic/simple-decreasing-loop-1-35-rotorized.btor2 -kmax 3000",
            "mean": 300.1273385189601,
            "stddev": 0.01147783249050531,
            "median": 300.12506693776004,
            "user": 267.71148692,
            "system": 32.35680238,
            "min": 300.11767412276004,
            "max": 300.14645038176,
            "times": [
              300.11942669176,
              300.12506693776004,
              300.11767412276004,
              300.14645038176,
              300.12807446076005
            ],
            "exit_codes": [
              124,
              124,
              124,
              124,
              124
            ]
          }
        ]
      },
      "wc_raw": 8865849,
      "wc_btormc_dump": 261003
    }
  },
  "nested-if-else-1-35-rotorized.btor2": {
    "Failed": {
      "output": "",
      "hyperfine": {
        "results": [
          {
            "command": "timeout --foreground 300s btormc ../selfie/examples/symbolic/nested-if-else-1-35-rotorized.btor2 -kmax 3000",
            "mean": 300.13901790575994,
            "stddev": 0.009158884494774576,
            "median": 300.13693586356,
            "user": 261.3473864,
            "system": 38.68843978,
            "min": 300.12858579656,
            "max": 300.15322660956,
            "times": [
              300.15322660956,
              300.13508405856,
              300.13693586356,
              300.12858579656,
              300.14125720056
            ],
            "exit_codes": [
              124,
              124,
              124,
              124,
              124
            ]
          }
        ]
      },
      "wc_raw": 8859658,
      "wc_btormc_dump": 260750
    }
  },
  "division-by-zero-3-35-rotorized.btor2": {
    "Success": {
      "props": [
        {
          "kind": "Bad",
          "name": "core-0-known-instructions",
          "node": 400805,
          "idx": 2
        }
      ],
      "steps": 716,
      "hyperfine": {
        "results": [
          {
            "command": "timeout --foreground 300s btormc ../selfie/examples/symbolic/division-by-zero-3-35-rotorized.btor2 -kmax 3000",
            "mean": 10.5753443437,
            "stddev": 0.0842618621238221,
            "median": 10.6023648381,
            "user": 10.09767144,
            "system": 0.4771783,
            "min": 10.4846907821,
            "max": 10.6623739361,
            "times": [
              10.6623739361,
              10.6023648381,
              10.4846907821,
              10.6398176691,
              10.4874744931
            ],
            "exit_codes": [
              0,
              0,
              0,
              0,
              0
            ]
          }
        ]
      },
      "wc_raw": 8853801,
      "wc_btormc_dump": 260704
    }
  },
  "invalid-memory-access-fail-2-35-rotorized.btor2": {
    "Success": {
      "props": [
        {
          "kind": "Bad",
          "name": "core-0-store-seg-fault",
          "node": 407041,
          "idx": 10
        }
      ],
      "steps": 719,
      "hyperfine": {
        "results": [
          {
            "command": "timeout --foreground 300s btormc ../selfie/examples/symbolic/invalid-memory-access-fail-2-35-rotorized.btor2 -kmax 3000",
            "mean": 16.23970606744,
            "stddev": 0.13682106924436882,
            "median": 16.26835747324,
            "user": 15.75346228,
            "system": 0.4831331599999999,
            "min": 16.08143334524,
            "max": 16.36827088624,
            "times": [
              16.11279925124,
              16.36766938124,
              16.36827088624,
              16.26835747324,
              16.08143334524
            ],
            "exit_codes": [
              0,
              0,
              0,
              0,
              0
            ]
          }
        ]
      },
      "wc_raw": 8865848,
      "wc_btormc_dump": 260933
    }
  },
  "simple-assignment-1-35-rotorized.btor2": {
    "Success": {
      "props": [
        {
          "kind": "Bad",
          "name": "core-0-bad-exit-code",
          "node": 403003,
          "idx": 6
        }
      ],
      "steps": 824,
      "hyperfine": {
        "results": [
          {
            "command": "timeout --foreground 300s btormc ../selfie/examples/symbolic/simple-assignment-1-35-rotorized.btor2 -kmax 3000",
            "mean": 2.25569437462,
            "stddev": 0.04470954052430253,
            "median": 2.2626363358200003,
            "user": 2.10834058,
            "system": 0.14592766,
            "min": 2.19657213282,
            "max": 2.30930768882,
            "times": [
              2.2626363358200003,
              2.22690004182,
              2.30930768882,
              2.2830556738200003,
              2.19657213282
            ],
            "exit_codes": [
              0,
              0,
              0,
              0,
              0
            ]
          }
        ]
      },
      "wc_raw": 8842021,
      "wc_btormc_dump": 260512
    }
  },
  "recursive-ackermann-1-35-rotorized.btor2": {
    "Failed": {
      "output": "",
      "hyperfine": {
        "results": [
          {
            "command": "timeout --foreground 300s btormc ../selfie/examples/symbolic/recursive-ackermann-1-35-rotorized.btor2 -kmax 3000",
            "mean": 300.08830019656,
            "stddev": 0.004183795213860492,
            "median": 300.08671739336,
            "user": 284.68383078,
            "system": 15.37390192,
            "min": 300.08594182036,
            "max": 300.09572908436,
            "times": [
              300.08594182036,
              300.09572908436,
              300.08713898136,
              300.08671739336,
              300.08597370336
            ],
            "exit_codes": [
              124,
              124,
              124,
              124,
              124
            ]
          }
        ]
      },
      "wc_raw": 9236840,
      "wc_btormc_dump": 266342
    }
  },
  "recursive-factorial-fail-1-35-rotorized.btor2": {
    "Failed": {
      "output": "",
      "hyperfine": {
        "results": [
          {
            "command": "timeout --foreground 300s btormc ../selfie/examples/symbolic/recursive-factorial-fail-1-35-rotorized.btor2 -kmax 3000",
            "mean": 300.11204650888,
            "stddev": 0.0035756996900513653,
            "median": 300.11333817528,
            "user": 274.3981132,
            "system": 25.61539712,
            "min": 300.10795896828,
            "max": 300.11633198928,
            "times": [
              300.11333817528,
              300.11387962328,
              300.11633198928,
              300.10795896828,
              300.10872378828
            ],
            "exit_codes": [
              124,
              124,
              124,
              124,
              124
            ]
          }
        ]
      },
      "wc_raw": 8930683,
      "wc_btormc_dump": 261966
    }
  },
  "simple-if-else-reverse-1-35-rotorized.btor2": {
    "Success": {
      "props": [
        {
          "kind": "Bad",
          "name": "core-0-bad-exit-code",
          "node": 403003,
          "idx": 6
        }
      ],
      "steps": 824,
      "hyperfine": {
        "results": [
          {
            "command": "timeout --foreground 300s btormc ../selfie/examples/symbolic/simple-if-else-reverse-1-35-rotorized.btor2 -kmax 3000",
            "mean": 2.28079485906,
            "stddev": 0.02104437594225639,
            "median": 2.27456147286,
            "user": 2.133448,
            "system": 0.1471659,
            "min": 2.25227253386,
            "max": 2.30517859286,