{
  "recursive-ackermann-1-35-rotorized.btor2": {
    "Failed": {
      "output": "",
      "hyperfine": {
        "results": [
          {
            "command": "timeout --foreground 300s btormc ../selfie/examples/symbolic/recursive-ackermann-1-35-rotorized.btor2 -kmax 3000",
            "mean": 300.13002219509997,
            "stddev": 0.0018528172754498843,
            "median": 300.1293697391,
            "user": 268.646077,
            "system": 31.449731980000003,
            "min": 300.1279776431,
            "max": 300.1326868951,
            "times": [
              300.1290321961,
              300.1326868951,
              300.1293697391,
              300.1310445021,
              300.1279776431
            ],
            "exit_codes": [
              124,
              124,
              124,
              124,
              124
            ]
          }
        ]
      },
      "wc_raw": 2255929,
      "wc_btormc_dump": 352718
    }
  },
  "invalid-memory-access-fail-2-35-rotorized.btor2": {
    "Success": {
      "props": [
        {
          "kind": "Bad",
          "name": "core-0-store-seg-fault",
          "node": 300641,
          "idx": 10
        }
      ],
      "steps": 719,
      "hyperfine": {
        "results": [
          {
            "command": "timeout --foreground 300s btormc ../selfie/examples/symbolic/invalid-memory-access-fail-2-35-rotorized.btor2 -kmax 3000",
            "mean": 3.08288196568,
            "stddev": 0.01795599161435992,
            "median": 3.0781936080800003,
            "user": 2.93476664,
            "system": 0.14775732000000005,
            "min": 3.06598569808,
            "max": 3.10385890108,
            "times": [
              3.06672389208,
              3.10385890108,
              3.06598569808,
              3.0781936080800003,
              3.09964772908
            ],
            "exit_codes": [
              0,
              0,
              0,
              0,
              0
            ]
          }
        ]
      },
      "wc_raw": 2175241,
      "wc_btormc_dump": 341269
    }
  },
  "return-from-loop-1-35-rotorized.btor2": {
    "Success": {
      "props": [
        {
          "kind": "Bad",
          "name": "core-0-bad-exit-code",
          "node": 300203,
          "idx": 6
        }
      ],
      "steps": 822,
      "hyperfine": {
        "results": [
          {
            "command": "timeout --foreground 300s btormc ../selfie/examples/symbolic/return-from-loop-1-35-rotorized.btor2 -kmax 3000",
            "mean": 1.9546763558,
            "stddev": 0.026937620418348563,
            "median": 1.954452899,
            "user": 1.81429854,
            "system": 0.13998126000000002,
            "min": 1.915182634,
            "max": 1.986047185,
            "times": [
              1.986047185,
              1.915182634,
              1.946125972,
              1.971573089,
              1.954452899
            ],
            "exit_codes": [
              0,
              0,
              0,
              0,
              0
            ]
          }
        ]
      },
      "wc_raw": 2168533,
      "wc_btormc_dump": 341452
    }
  },
  "two-level-nested-loop-1-35-rotorized.btor2": {
    "Failed": {
      "output": "",
      "hyperfine": {
        "results": [
          {
            "command": "timeout --foreground 300s btormc ../selfie/examples/symbolic/two-level-nested-loop-1-35-rotorized.btor2 -kmax 3000",
            "mean": 300.09268673392,
            "stddev": 0.0015171147946033943,
            "median": 300.09188715292004,
            "user": 277.7127137,
            "system": 22.31947878,
            "min": 300.09133726492,
            "max": 300.09457176392004,
            "times": [
              300.09133726492,
              300.09156216892,
              300.09188715292004,
              300.09407531892003,
              300.09457176392004
            ],
            "exit_codes": [
              124,
              124,
              124,
              124,
              124
            ]
          }
        ]
      },
      "wc_raw": 2184227,
      "wc_btormc_dump": 343598
    }
  },
  "nested-if-else-reverse-1-35-rotorized.btor2": {
    "Failed": {
      "output": "",
      "hyperfine": {
        "results": [
          {
            "command": "timeout --foreground 300s btormc ../selfie/examples/symbolic/nested-if-else-reverse-1-35-rotorized.btor2 -kmax 3000",
            "mean": 300.12805046956,
            "stddev": 0.0009363851611960402,
            "median": 300.12811359095997,
            "user": 259.79944551999995,
            "system": 40.28911776,
            "min": 300.12655203196,
            "max": 300.12896781796,
            "times": [
              300.12868514996,
              300.12655203196,
              300.12811359095997,
              300.12896781796,
              300.12793375696
            ],
            "exit_codes": [
              124,
              124,
              124,
              124,
              124
            ]
          }
        ]
      },
      "wc_raw": 2173933,
      "wc_btormc_dump": 342288
    }
  },
  "memory-access-fail-1-35-rotorized.btor2": {
    "Success": {
      "props": [
        {
          "kind": "Bad",
          "name": "core-0-unknown-syscall-ID",
          "node": 300110,
          "idx": 5
        }
      ],
      "steps": 710,
      "hyperfine": {
        "results": [
          {
            "command": "timeout --foreground 300s btormc ../selfie/examples/symbolic/memory-access-fail-1-35-rotorized.btor2 -kmax 3000",
            "mean": 1.73554268752,
            "stddev": 0.04828898372600864,
            "median": 1.71112814872,
            "user": 1.6127685399999998,
            "system": 0.12254504,
            "min": 1.69890138272,
            "max": 1.81706430072,
            "times": [
              1.81706430072,
              1.70897806072,
              1.69890138272,
              1.74164154472,
              1.71112814872
            ],
            "exit_codes": [
              0,
              0,
              0,
              0,
              0
            ]
          }
        ]
      },
      "wc_raw": 2275198,
      "wc_btormc_dump": 354143
    }
  },
  "simple-if-else-1-35-rotorized.btor2": {
    "Success": {
      "props": [
        {
          "kind": "Bad",
          "name": "core-0-bad-exit-code",
          "node": 300203,
          "idx": 6
        }
      ],
      "steps": 824,
      "hyperfine": {
        "results": [
          {
            "command": "timeout --foreground 300s btormc ../selfie/examples/symbolic/simple-if-else-1-35-rotorized.btor2 -kmax 3000",
            "mean": 1.94934718454,
            "stddev": 0.028698499445833976,
            "median": 1.96138360794,
            "user": 1.8086873,
            "system": 0.13968394,
            "min": 1.91587352294,
            "max": 1.98200361694,
            "times": [
              1.96494697494,
              1.98200361694,
              1.92252819994,
              1.96138360794,
              1.91587352294
            ],
            "exit_codes": [
              0,
              0,
              0,
              0,
              0
            ]
          }
        ]
      },
      "wc_raw": 2169828,
      "wc_btormc_dump": 342179
    }
  },
  "simple-if-else-reverse-1-35-rotorized.btor2": {
    "Success": {
      "props": [
        {
          "kind": "Bad",
          "name": "core-0-bad-exit-code",
          "node": 300203,
          "idx": 6
        }
      ],
      "steps": 824,
      "hyperfine": {
        "results": [
          {
            "command": "timeout --foreground 300s btormc ../selfie/examples/symbolic/simple-if-else-reverse-1-35-rotorized.btor2 -kmax 3000",
            "mean": 1.98901525956,
            "stddev": 0.036082532644687776,
            "median": 1.99484912436,
            "user": 1.84850234,
            "system": 0.14032824,
            "min": 1.93882047536,